00614400	_args_ptr	0.6667	data	005CFE80
00614421	gDrawNothing	0.8000	data	005CFE89
00614424	gGameStartFrameNum	0.5000	data	005CFE8C
0061442D	gFadeLock	0.6667	data	005CFE94
00614444	mcGameState::introSequenceLegalTimer	0.5000	data	005CFEA4
006144A8	gLayerDebug	0.8000	data	005CFEAC
006144AC	gLayerHeapSanity	0.8571	data	005CFEB0
006144B0	mcLayerManager::sInstance	0.7500	data	005CFEB8
00633D30	mcLoadingThread::sm_LoadTexBack	0.6667	data	005CFED8
006144F0	mcMemCard::sInstance	0.6000	data	005CFEF4
00675120	mcMemCard::sForceSave	0.5000	data	005CFEF8
00614514	mcReplayManager::s_Instance	0.7692	data	005CFF04
00614520	mcReplayManager::sm_ReplayTextScaleX	0.5000	data	005CFF08
0061452C	mcGamePhysicsSimulator::smBumperCarGamma	0.5000	data	005CFF1C
0061458C	mcChunkMgr::sm_instance	0.8333	data	005CFF74
006145A4	mcExplosionShockwave::m_towards	0.5000	data	005CFF8C
006145A8	mcExplosionShockwave::sm_mod	0.7500	data	005CFF90
0063C756	mcExplosion::sm_explodeSound	0.5000	data	005CFFA8
006145F8	mcGlassPtxManager::sm_activeInst	0.9091	data	005CFFAC
00614604	mcHandOfGod::sm_tex	0.6667	data	005CFFB8
00614608	mcHandOfGod::sm_ShouldDraw	0.6667	data	005CFFBC
00614610	mcDisrupter::sm_instance	0.7500	data	005CFFC0
00614628	mcSpotlightMgr::sm_instance	0.6667	data	005CFFD8
0061462C	mcFbGlow::sm_instance	0.8333	data	005CFFDC
00614638	mcTrashMgr::sm_instance	0.8571	data	005CFFE8
00614640	mcLedMgr::sm_instance	0.9333	data	005CFFF0
00614668	mcLightning::currVert	0.5000	data	005D0018
00614674	mcLightning::alphaCenter	0.6667	data	005D0024
0061467C	mcLightning::time	0.5000	data	005D002C
00614680	mcLightning::m_tex	0.7500	data	005D0030
00614688	mcParticleFogMgr::sm_instance	0.5556	data	005D0038
00614690	mcParticleFogMgr::sm_DrawEnabled	0.6667	data	005D0040
00614694	mcSpark::sm_tex	0.7500	data	005D0044
00614698	mcSpark::sm_updated	0.8000	data	005D0048
006146A0	mcSpark::sm_numFrames	0.5000	data	005D0050
006146A4	mcSpark::sm_numActive	0.8571	data	005D0054
006146A8	mcSpark::lastIdx	0.7500	data	005D0058
006146B0	mcSpotlight::m_blit	0.7500	data	005D0060
006146B4	mcSpotlight::m_blitQWC	0.6667	data	005D0064
006146BC	mcSpotlight::sm_first	0.7500	data	005D006C
006146C4	mcSpotlight::m_fb32	0.8000	data	005D0074
006146E8	mcSpotlight::m_fb32s	0.6667	data	005D007C
006146C8	mcSpotlight::m_fb16s	0.5000	data	005D0080
006146E0	mcSpotlight::m_zb32	0.7500	data	005D0084
006146E4	mcSpotlight::sm_modCar	0.7500	data	005D0094
0063D030	mcSpotlight::m_additiveScale	0.5000	data	005D009C
006146F8	mcSpotlight::sm_ExtraBlack	0.6667	data	005D00A8
00614710	mcRoadReflectorSystem::sm_instance	0.6667	data	005D00BC
00614714	mcSenseOfSpeed::sm_instance	0.6667	data	005D00C0
00614720	turboBlurEffect::sm_backbuffer	0.8000	data	005D00CC
00614734	turboBlurEffect::sm_numPlayers	0.7500	data	005D00E4
00614738	turboBlurEffect::sm_copyToFrontColors	0.8333	data	005D00E8
00614740	turboBlurEffect::sm_us	0.5000	data	005D00EC
0061474C	turboBlurEffect::sm_offscreen	0.7500	data	005D00FC
00614750	turboBlurEffect::sm_vp	0.8000	data	005D0100
0061475C	mcColorFilter::sm_instance	0.6667	data	005D010C
006147C8	pass1_fbw	0.5000	data	005D0178
00614840	g_motionBlurFadeStart	0.6667	data	005D01F0
00614878	mcFeInternet::sm_Lobby	0.6667	data	005D0228
006A7C80	mcFeInternet::sm_InitGOAStatsConnectionThreadRunning	0.5000	data	005D022E
00614898	mcFeInternet::sm_StatsConnectionStatus	0.6364	data	005D0238
006148AC	mcFeInternet::sm_LocalPublicIP	0.8571	data	005D0244
006148B0	AUTOMATIC_FRIEND_ACCEPT	0.6667	data	005D0248
006148FC	FeGOA::s_ProfileID	0.8333	data	005D0294
00614900	FeGOA::s_ProfileValid	0.7143	data	005D0298
00614904	FeGOA::s_NumGameInvites	0.6667	data	005D029C
00614920	mcFeInternet::sm_Connected	0.5000	data	005D02A8
00614874	mcFeInternet::sm_LoggedIn	0.5000	data	005D02A9
00614914	mcFeInternet::sm_Hosting	0.5000	data	005D02AA
00614923	mcFeInternet::sm_InMatch	0.6667	data	005D02AB
00658DBC	mcFeInternet::sm_StatsAvailable	0.5000	data	005D02AC
00614928	mcFeInternet::sm_OnlineStateDrivenStatsState	0.6667	data	005D02B0
0061489C	mcFeInternet::sm_LoginResult	0.5714	data	005D02B4
00614930	mcFeInternet::sm_CreateMatchResult	0.6667	data	005D02B8
00614934	mcFeInternet::sm_SearchResult	0.6667	data	005D02BC
00657B34	mcFeInternet::sm_NumStatsDownloaded	0.5000	data	005D02C8
00614980	mcClanMgr::sm_Instance	0.2500	data	005D02F8
006149B0	phICSLinkType::MaxAngSpeedFactor	0.5000	data	005D031C
006149C0	gfxGeometry::sPacketOverhead	0.5000	data	005D0328
006149F4	swPtxPaperSystem::PaperObject::ParentSystem	0.8333	data	005D035C
00614A00	vehWheelPtx::TexName	0.7500	data	005D0368
00614A08	vehWheelPtx::PtxName	0.5000	data	005D0370
00614A28	vehWheelPtx::Rule	0.7500	data	005D0390
0065A020	netHardware::sm_Instance	0.5000	data	005D03B0
00614D88	netManagerThread::sm_AckTimeout	0.5000	data	005D03B8
00614D94	netManagerThread::sm_BandwidthLimitUpstream	0.7500	data	005D03C4
00614DA8	netThreadPeer::sm_SendQueueLength	0.5000	data	005D03D8
006156E0	netDebug	0.5000	data	005D0D08
006C2EC0	netDNASInterface::sm_iLastError	0.5000	data	005D0D14
00615708	mcUIProjector::s_Instance	0.6000	data	005D0E40
00615790	swfFILE::DeleteTexture	0.6667	data	005D0E6C
00615794	swfFILE::PlaySound	0.6667	data	005D0E70
00615798	swfFILE::StopSound	0.6667	data	005D0E74
0061579C	swfINPUT::sm_Enabled	0.8000	data	005D0E78
006B7380	mcTrainSegment::sm_closeTrain	0.7500	data	005D0E94
006157C0	aiAmbientAudioManager::smInstance	0.6000	data	005D0EA4
006157D4	aiAmbientVehicle::ms_rAmbientVehDrawDist	0.6667	data	005D0EB8
006157DC	aiAmbientVehicle::sm_closeAmbients	0.8000	data	005D0EC4
006157E0	aiAmbientVehicle::sm_numCloseAmbients	0.8333	data	005D0EC8
00615830	aiAmbientVehicle::sm_tireParticles	0.7500	data	005D0F18
00615834	aiAmbientVehicle::sm_windowGlass	0.7500	data	005D0F1C
00615838	aiAmbientVehicle::sm_bodyChunks	0.7500	data	005D0F20
00615840	aiAmbientVehicle::sm_bigChunk	0.8000	data	005D0F28
00615850	aiAmbientVehicle::sm_lastChunkDataUsed	0.6667	data	005D0F38
00615854	aiAmbientVehicle::sm_chunkBound	0.6667	data	005D0F3C
00615A48	ioMemCard::s_State	0.9697	data	005D0F60
00615A4C	ioMemCard::s_DirectoryName	0.8889	data	005D0F64
00615A50	ioMemCard::s_IconDisplayName	0.6667	data	005D0F68
00615A54	ioMemCard::s_Mount	0.9545	data	005D0F6C
00615AC0	ioPad::sm_MultitapConnected	0.5000	data	005D0FD8
00615AC3	ioPad::sm_SupportMultitap	0.6667	data	005D0FDB
00615AC4	ioPad::sm_Initialized	0.5000	data	005D0FDC
0065C9DD	psxCdCache::sm_ReadAhead	0.5000	data	005D0FE4
00615AEC	ourCdMode	0.6667	data	005D0FF8
00615AF8	g_SBRefStrList	0.6667	data	005D1004
00615AFC	SBNullServer	0.8000	data	005D1008
00615B00	SBOverrideMasterServer	0.5000	data	005D100C
00615B08	mcCullableMgr::s_pCullableMgr	0.5000	data	005D1014
00615B0C	mcCullableMgr::s_nDrawPasses	0.3333	data	005D1018
00625130	mcGlow::sm_instance	0.6667	data	005D101C
00615B14	mcGlow::sm_headlightGlowFadeDistance	0.2222	data	005D1020
00615B44	mcCity::s_fCellSize	0.4286	data	005D1044
00615B50	mcLightManager::sm_fGlobalFadeScale	0.6667	data	005D104C
00615B60	vehDrivetrain::s_DiffRatioMax	0.5000	data	005D1058
00615B64	vehDrivetrain::s_DiffRatioHighSpeedLevel	0.6667	data	005D1060
00615B68	vehTrailerJoint::ForceLimit	0.5000	data	005D1064
00615B6C	vehTrailerJoint::BendAngleLimit	0.6667	data	005D1068
006BDA84	vehTrailerJoint::TwistLimitUpper	0.6667	data	005D106C
00615B78	vehTrailerJoint::LimitElasticityBend	0.5000	data	005D1070
00615B80	vehTrailerJoint::DampLinearBend	0.6667	data	005D1080
00615B9C	vehTrailerJoint::DampLinearTwist	0.5000	data	005D108C
00615B98	vehTrailerJoint::FreeBendAngle	0.5000	data	005D1094
00615BA0	vehWheel::s_SuspensionClampEnabled	0.7500	data	005D109C
00615BA1	vehWheel::s_SuspensionPushEnabled	0.5000	data	005D109D
00615BA3	vehWheel::s_ModelOffsetEnabled	0.8000	data	005D109F
00615BA4	vehWheel::s_SphericalWheelEnabled	0.6667	data	005D10A0
00615BA8	vehWheel::s_WheelProbeDownFudgeFactor	0.8000	data	005D10A4
00615BAC	vehWheel::s_WheelProbeUpFudge	0.6667	data	005D10A8
00615BB0	vehWheel::s_WeatherFriction	0.5000	data	005D10AC
00615BBC	vehWheel::s_WheelRadFactor	0.6667	data	005D10B8
00615BC0	vehWheel::s_SuspensionClampAngle	0.6667	data	005D10BC
00615BC8	mcCutSceneManager::sm_MgrInstance	0.7500	data	005D10C4
00615BE8	hudHud::AnchorNames	0.5000	data	005D10D0
00615C10	kAlpha	0.5000	data	005D10F8
00615C14	hudChatBox::sm_SharedData	0.8889	data	005D10FC
00615C18	mcHudClock::s_bIsGarage	0.7500	data	005D1100
00615C38	hudSpeedometer::s_bIsGarage	0.7500	data	005D110C
006425B4	MenuBarTutorial::m_tutorialFileNames	0.5000	data	005D1110
00615D00	rmcCpvIndexed	0.8750	data	005D11E8
00615D04	rmcState::sm_BestLighting	0.8148	data	005D11EC
00615D08	rmcState::SetLightingGroup	0.8000	data	005D11F0
00615D0C	gfp_PrePacketizeMaterialCB	0.5000	data	005D11F4
00615D10	rmcState::sm_DefaultStates	0.6667	data	005D11F8
00615D68	rmcState::sm_DefaultTexStates	0.6667	data	005D1240
00615D74	rmcDrawable::s_ShaderGroup	0.8000	data	005D124C
00615D78	rmcDrawable::s_ShaderGroupCount	0.6667	data	005D1250
00615D79	rmcEnableModelStreaming	0.5000	data	005D1251
00615D80	rmcModel::sm_ForceShader	0.8333	data	005D1258
00615D88	rmcCreatePacketBoundSpheres	0.6667	data	005D1260
00615D8C	TEX_OFFSET	0.6667	data	005D1264
00615D98	CPV_PALETTE	0.5000	data	005D1270
00615E48	rmcShaderFactory::sm_Instance	0.6538	data	005D1320
0063C948	rmcShaderFactory::sm_PrevInstance	0.5000	data	005D1324
00616310	rmcShader::sm_MaxPasses	0.5000	data	005D1328
00615E58	rmcShader::sm_GlobalShaderDataNames	0.5000	data	005D1330
00615E98	rmcShader::sm_TemplatePath	0.6667	data	005D1370
00615F98	rmcShader::sm_MicrocodeCount	0.7500	data	005D1470
00615FE1	rmcEnableSwizzle	0.7500	data	005D14B9
00615FE2	rmcSaveTextureNames	0.6667	data	005D14BA
00615FE8	rmcTextureFactory::sm_GlobalMipScale	0.6667	data	005D14C0
00615FF8	rmcMaxTextureSizePS2	0.5000	data	005D14D0
00616028	kDefaultFont	0.5000	data	005D1500
0061602C	txtFontTex::sm_First	0.8333	data	005D1504
00616030	txtFontTex::sm_FreeTextures	0.6667	data	005D1508
00616034	txtFontTex::sm_MissingMode	0.6667	data	005D150C
00616098	txtStringTable::sDefaultFont	0.7500	data	005D151C
0061609C	txtStringTable::mMissingMode	0.7500	data	005D1520
006160A0	mcArchetypeBreak::sClassTypeString	0.3333	data	005D1524
006160A4	mcArchetypeBreak::sDefaultImpactThreshold	0.3333	data	005D1528
006160A8	mcForceFieldManager::sInstance	0.7500	data	005D152C
002C0EE0	mcLevelSimple::sm_PreviousActiveChecksum	0.5000	data	005D1530
006160C0	mcCarCustom::sm_numPlateBGStrings	0.7500	data	005D1560
006160CC	mcCarCustom::sm_pageFile	0.6000	data	005D156C
00648502	mcCarCustom::sm_rimPages	0.5000	data	005D1580
00616100	a_dmgGroups	0.6667	data	005D1590
00616190	a_zoneToGlassbreak	0.5000	data	005D1620
0061622C	mcCarMetallicPaint::sm_renderTarget	0.7500	data	005D16B0
00616224	mcCarMetallicPaint::sm_targetX	0.8000	data	005D16B4
006277C8	mcCarDamage::s_bInvincible	0.3333	data	005D16E0
00616250	mcCarType::sm_ResourceCustom	0.8000	data	005D16E4
00616254	mcCarSharedTypeMgr::sm_Instance	0.8125	data	005D16E8
00616258	mcCharacter::s_OverlaySubframes	0.7500	data	005D16F0
00616260	mcCharacter::sm_numRiders	0.5000	data	005D16F8
00616278	mcCharacter::s_HandlebarLimit	0.5000	data	005D1700
006162BC	mcCharacter::s_RagdollPhysicalEnabled	0.5000	data	005D1744
006162D4	opponentIconTuneData::sm_staticTuning	0.7500	data	005D1748
0061631C	g_VehBoundBoxCullScale	0.5000	data	005D1790
00616330	rmcCarModel::sm_ShouldDrawAnyIcons	0.6667	data	005D1798
00616338	mcCarNeonGlow::sm_neonBigTex	0.7500	data	005D17A0
006162C0	mcCarParticlesManager::sm_Instance	0.4286	data	005D182C
006163C8	csManager::smInstance	0.1429	data	005D1838
00616450	csActor::TypeNames	0.5000	data	005D18C0
00616458	csData::TypeNames	0.5000	data	005D18C8
00616464	transitioning	0.6667	data	005D18D4
0064C18F	mcGameRaceEditor::m_currentRaceIndex	0.5000	data	005D18D5
006C2D28	mcGameRaceEditor::mLoadingRaceEditor	0.5000	data	005D18D6
00616468	mcGameRaceEditor::s_Instance	0.8000	data	005D18D8
0061646C	grab	0.8000	data	005D18DC
00617970	mcFlash::s_PagedMovie	0.6667	data	005D2DE8
00617974	mcFlash::s_Input	0.6667	data	005D2DEC
00617978	mcFlash::sm_StreamFile	0.6667	data	005D2DF0
0065467C	mc3FeView::s_Instance	0.5000	data	005D2DF8
00617984	mc3FeView::sm_ExitOption	0.5000	data	005D2DFC
0061798C	fullTransitionTime	0.6667	data	005D2E08
006179B0	mcGarage::s_Instance	0.7500	data	005D2E28
006179B4	mcGarage::sm_PreviewingShowroomProfile	0.9231	data	005D2E2C
006179B5	mcGarage::sm_TestDriving	0.8125	data	005D2E2D
006179B6	mcGarage::sm_PreviousShowroomCar	0.7500	data	005D2E2E
0064E3C9	wasCustomDecal	0.6667	data	005D2E30
006179BD	updateNextFrame	0.7143	data	005D2E31
006179BE	airbagUpdate	0.7500	data	005D2E32
006179D0	spots	0.5000	data	005D2E58
00616467	mcMenuBrain::s_Instance	0.7500	data	005D2F44
00654390	mcMenuBrain::sm_NetworkMode	0.6667	data	005D2F48
00617AE4	mcMenuBrain::sm_CurrentSimpleMenu	0.6667	data	005D2F4C
00617AE8	mcMenuBrain::m_waffle	0.5000	data	005D2F50
00617BA8	mcMenuLanguage::mForceSelection	0.2500	data	005D2F78
00617BCC	mcMoviePlayer::s_Instance	0.7500	data	005D2F88
00617BBC	globalNames	0.5000	data	005D3148
00617C30	gcd_gamename	0.6000	data	005D3168
00617F20	bucketfuncs	0.7500	data	005D3420
00617F48	mcBanger::BreakRemovalThreshold	0.5000	data	005D3480
00617F68	mcPropManager::s_pInstance	0.7500	data	005D349C
00617F6C	mcPropManager::s_pSwPtx	0.8000	data	005D34A0
00617F70	mcPropManager::s_pPropParticleTex	0.8000	data	005D34A4
00617F7C	__argc	0.5000	data	005D34AC
00617F80	__argv	0.6667	data	005D34B0
00617F88	coreFileStandard	0.8000	data	005D34B8
00617FC4	__coreCreateFile	0.5000	data	005D34F4
00617FC8	__coreSeekFile	0.5000	data	005D34F8
00617FCC	__coreWriteFile	0.5000	data	005D34FC
00617FD0	__coreReadFile	0.5000	data	005D3500
00617FD4	__coreCloseFile	0.5000	data	005D3504
00618020	Stream::sm_DefaultOpenMethods	0.7000	data	005D3550
00618024	Stream::sm_DefaultCreateMethods	0.6667	data	005D3554
00618058	static_qr2_rec	0.6667	data	005D3588
00618178	qr2_registered_key_list	0.8333	data	005D36A8
00618574	mcOccluderSystem::sm_instance	0.7826	data	005D3AA4
00618578	mcOccluderSystem::m_version	0.5000	data	005D3AA8
006CD120	g_VU0_occlusion	0.3333	data	005D3AAE
00618768	phConfig::sRefCounting	0.9600	data	005D3C98
00618870	phMaterial::ClassTypeString	0.6667	data	005D3DA0
00618874	phMaterialSnd::ClassTypeString	0.5000	data	005D3DA4
00618878	phMaterial::DefaultMaterial	0.8000	data	005D3DA8
0062DF40	phMaterialMgr::RefCount	0.6667	data	005D3DAC
00618880	phMaterialMgr::Instance	0.8485	data	005D3DB0
00618884	phPolygon::sResourceConstructor	0.6667	data	005D3DB4
0061453C	mcNetManager::sm_NetHeap	0.3333	data	005D3DF8
0065B607	mcNetManager::sm_NatState	0.5000	data	005D3DFC
006188F0	memMemoryAllocator::sm_PrintLeaks	0.5000	data	005D3E10
00618930	drwShaderModel::s_ParentShaderGroup	0.6667	data	005D3E50
00615B3C	MCGFX	0.6667	data	005D3E58
0061893C	mcModelFactory::sm_mcInstance	0.7500	data	005D3E5C
00618940	gp_LastShaderGroupCreated	0.6667	data	005D3E60
00618944	mcSpecularMap::sm_instance	0.8000	data	005D3E64
00618948	mcSpecularMap::sm_renderTarget	0.7500	data	005D3E68
00618950	mcSpecularMap::sm_targetX	0.7500	data	005D3E6C
00618954	mcTextureFactory::sm_mcInstance	0.7778	data	005D3E78
00618960	defaultFresnelParams	0.4000	data	005D3E80
00618988	g_baseTexMtxScale	0.1600	data	005D3EA8
00618990	g_riderSkinTexMtxScale	0.7500	data	005D3EB0
00618994	g_riderLeatherTexMtxScale	0.7500	data	005D3EB4
00618998	g_riderHairTexMtxScale	0.6667	data	005D3EB8
0061899C	g_riderVinylJacketTexMtxScale	0.7500	data	005D3EBC
006189A0	g_shirtDetailAlpha	0.7500	data	005D3EC0
006189AC	g_pantsDetailAlpha	0.7500	data	005D3ECC
006189B8	g_riderClothTexMtxScale	0.7500	data	005D3ED8
006189C0	drwShaderCoplightbar::sm_currIdx	0.5000	data	005D3EDC
00618A34	sndManager::sm_Initialized	0.5714	data	005D3F4C
00618A84	mcCheckpoint::sm_flareCpTop	0.7500	data	005D3FA0
00630DB0	aiBrain::sm_DrawRaceSpheres	0.3333	data	005D4000
00618B18	aiBrainHookman::sm_ActivateRadius	0.5000	data	005D4008
00618B1C	aiBrainHookman::sm_AllowPickup	0.6667	data	005D4010
00618B20	aiCopHeli::sm_rDefaultHeliHeight	0.7500	data	005D4014
00618B28	aiCopHeli::sm_SearchMaxRadius	0.5000	data	005D4018
00618B2C	aiCopHeli::sm_SearchBuffer	0.5000	data	005D4020
00618B30	aiCopHeli::sm_SearchCycleRate	0.5000	data	005D4024
00618B34	aiCopHeli::sm_InnerFlyRadius	0.6667	data	005D4028
00618B40	aiCopHeli::sm_SpeedDampLinear	0.5000	data	005D4040
00618B50	aiCopMgr::sm_NumCops	0.9000	data	005D4044
00618B54	aiCopMgr::sm_MaxInPursuit	0.6667	data	005D4048
00618B58	aiCopMgr::sm_NumOffenders	0.8000	data	005D404C
00618B60	aiCopMgr::sm_MinorSpeedLimit	0.5000	data	005D4050
00618B64	aiCopMgr::sm_NumHelicopters	0.8571	data	005D4058
0061442E	aiOpponentManager::sm_Instance	0.6667	data	005D405C
00618B6C	aiOpponent::sm_min_turnspeed	0.5000	data	005D4060
00618B78	aiOpponent::sm_passing_margin	0.6667	data	005D406C
006D5000	aiOpponent::sm_RoadPosBuffer	0.5000	data	005D4080
00618BB4	aiStateRace::sm_RecoverDelayRate	0.5000	data	005D40A8
00618BC4	aiBrainCop::sm_observe_radius_chase	0.5000	data	005D40C0
00618BFC	aiRamActivationZone::sm_LastActivationTime	0.7500	data	005D40E0
00618C10	aiInput::sm_FishtailFailRate	0.5000	data	005D40E8
00618C08	aiInput::sm_FishtailRecoverRate	0.5000	data	005D40EC
00618C18	aiInput::sm_buttock_minradius	0.5000	data	005D40F8
00618C20	aiInput::sm_buttock_reverse_hysteresis	0.5000	data	005D4100
00618CB4	uiBase::me	0.5634	data	005D41A4
00618CB8	uiBase::uniqueNumber	0.6667	data	005D41A8
00618CBC	uiBitmap::subPath	0.6667	data	005D41AC
00618CD0	uiImage::subPath	0.6667	data	005D41C0
00618D00	datAssetManager::sm_EnableAutoArchive	0.5000	data	005D41F0
00618D20	datPage::sm_CurrentFrame	0.5000	data	005D41F8
00616348	datPageManager::sm_DefaultPriority	0.5000	data	005D420C
006C2E14	datPageManager::sm_fDefaultPriority	0.5000	data	005D4210
00618D30	HashTable::s_EnableRecompute	0.6667	data	005D4228
00618D38	datMemoryFillWord	0.5000	data	005D4230
00618D40	datDisplayUsed	0.6667	data	005D4238
00618D44	datMemoryStartTracking	0.5000	data	005D4244
00618D8C	datChunkExt	0.6667	data	005D4284
00618DA8	datEnablePaging	0.6667	data	005D42A0
00618DDC	datReplay::sm_Method	0.8571	data	005D42DC
00618DE8	datReplay::sm_FrameCount	0.7500	data	005D42E8
00618DEC	datReplay::sm_CurrentFrame	0.6667	data	005D42EC
00618DF0	datReplay::sm_FrameSameBits	0.6667	data	005D42F0
00618DF8	datReplay::sm_MaxFrameSize	0.8571	data	005D42F8
00618E00	datReplay::sm_DiffBits	0.8333	data	005D4300
00618E04	datReplay::sm_PrevDiffBits	0.8000	data	005D4304
00618E0C	datReplay::sm_RepCount	0.7500	data	005D430C
00618E14	datReplay::sm_HeaderTell	0.6667	data	005D4314
00618E18	datReplay::sm_HeaderSize	0.6667	data	005D4318
00618E1C	datReplay::sm_VerbatimBytes	0.7500	data	005D431C
0061469C	datTimeManager::Seconds	0.8000	data	005D4320
00618E24	datTimeManager::ActualSeconds	0.6667	data	005D4324
00618E28	datTimeManager::InvSeconds	0.8182	data	005D4328
00618E2C	datTimeManager::FPS	0.7500	data	005D432C
00618E3C	datTimeManager::FrameCount	0.7500	data	005D433C
00618E40	datTimeManager::OverSamples	0.6667	data	005D4340
007154F8	datTimeManager::FirstFrame	0.6667	data	005D4344
00618E46	datTimeManager::FrameStep	0.5000	data	005D4346
00618E4C	datTimeManager::RecordTimer	0.6667	data	005D434C
00715500	datTimeManager::TempOverSampling	0.5000	data	005D434E
00618E44	datTimeManager::TimeWarp	0.6667	data	005D4350
0064C9CB	datTimeManager::UnwarpedSeconds	0.5000	data	005D4354
00618E5C	datBaseTokenizer::CommentChar	0.7500	data	005D435C
00619310	crRagdollMgr::RagdollManager	0.7143	data	005D4810
0065B964	sndAudioManager::smInstance	0.6667	data	005D4818
00619338	sndControl3d::sm_CameraPositionChanged	0.6667	data	005D482C
00619339	sndControl3d::sm_DefaultRolloffChanged	0.6667	data	005D482D
00619340	sndControl3d::sm_DefaultOuterRadius	0.7500	data	005D4830
0061931C	sndControl3d::sm_DefaultDopperScale	0.3333	data	005D4838
0061934C	sndRpcManager::sm_Instance	0.3333	data	005D4840
00619370	sndSirenSound::sm_DefaultSirenData	0.6667	data	005D4848
00619388	sndSurfaceSoundList::smInstance	0.7500	data	005D4860
00619390	fxMeshCardInfo::sQuad	0.5000	data	005D4868
006193D0	FXPARTICLES	0.9091	data	005D48A8
006193DC	fxTrackMgr::sm_MaxTracksToDraw	0.6667	data	005D48B4
006193E0	fxTrack::sm_texNames	0.5000	data	005D48B8
006193E8	FXTRACKS	0.8571	data	005D48C0
006193EC	ghiThrottleBufferSize	0.7500	data	005D48C4
006193F0	ghiThrottleTimeDelay	0.6667	data	005D48C8
00619400	crAnimFXData::sm_CreateFunction	0.5000	data	005D48D8
0061940D	ioFFWheel::s_CanPlayFeedback	0.5000	data	005D48E5
00619494	mcCityLifeSimulator::ms_poCityLifeSim	0.6842	data	005D496C
00619498	mcCreature::ms_rPlayerSpeedToIgnoreCollision	0.5000	data	005D4970
0061949C	mcCreature::ms_nNumCreaturesWallHanging	0.5000	data	005D4978
006194A8	mcCreature::ms_nNumOfPedsCheckingCollision	0.8000	data	005D4980
006194AC	mcCreature::ms_bDoObstacleAvoidance	0.5000	data	005D4984
006194AD	mcCreature::ms_bAvoidProps	0.5000	data	005D4985
006194B4	mcCreature::ms_rAmbientscale	0.5000	data	005D498C
006194B8	mcCreature::ms_MasterIDOfCreatures	0.6667	data	005D4990
006194C4	mcCreatureActionSeq::ms_rThresholdApproachDist	0.5000	data	005D499C
00619808	mcCreatureBrain::ms_rRecoverRadius	0.6667	data	005D4CE0
00619820	mcCreatureBrain::ms_AlertAvoidAnimType	0.5000	data	005D4D00
00619840	mcCreatureEnvNotify::ms_rCarConeAngle	0.5000	data	005D4D18
00619844	mcCreatureIK::ms_rHeadAngularVel	0.5000	data	005D4D1C
00619848	mcCreatureNavFeederByGraph::ms_poCityGraph	0.1667	data	005D4D20
0061984C	mcCreatureThreatGeom::ms_rConeSpreadAngleMin	0.5000	data	005D4D24
00619850	mcCreatureThreatGeom::ms_rConeSpreadAngleMax	0.6667	data	005D4D28
00619888	phBound::BoundFlags	0.8333	data	005D4D60
0061988C	phBound::LoadHashTable	0.7500	data	005D4D64
00619890	phBound::Penetration	0.7500	data	005D4D68
00619894	phBound::PenetrationBarelyMoved	0.8000	data	005D4D6C
006198B0	phOctreeCell::smClassInitialized	0.7500	data	005D4D88
006198B4	phOctreeCell::smGeom	0.8571	data	005D4D8C
006198C0	phOctreeCell::smDefaultMaxPerCell	0.6667	data	005D4D98
006198CC	phOctreeCell::smCellDepth	0.8333	data	005D4DA4
006198D4	phOctreeCell::smMaxCulledPolys	0.6667	data	005D4DAC
006198D8	phOctreeCell::smNumCulledPolys	0.8571	data	005D4DB0
006198DC	phOctreeCell::smCulledPolys	0.8750	data	005D4DB4
006198E0	phOctreeCell::smPolyTouched	0.8750	data	005D4DB8
006198E4	phOctreeCell::smNumCulledVerts	0.7500	data	005D4DBC
006198E8	phOctreeCell::smMaxCulledVerts	0.5000	data	005D4DC0
006198EC	phOctreeCell::smCulledVerts	0.8000	data	005D4DC4
006198F0	phOctreeCell::smVertTouched	0.7500	data	005D4DC8
006198F4	phOctreeCell::smTreePolys	0.8889	data	005D4DCC
006198F8	phOctreeCell::smNextPoly	0.7500	data	005D4DD0
006198FC	phOctreeCell::smNumTreePolys	0.6667	data	005D4DD4
00619900	phQuadtreeCell::smClassInitialized	0.7500	data	005D4DD8
00619904	phQuadtreeCell::smGeom	0.8571	data	005D4DDC
00619910	phQuadtreeCell::smDefaultMaxPerCell	0.6667	data	005D4DE8
0061991C	phQuadtreeCell::smCellDepth	0.8333	data	005D4DF4
00619924	phQuadtreeCell::smMaxCulledPolys	0.6667	data	005D4DFC
00619928	phQuadtreeCell::smNumCulledPolys	0.8571	data	005D4E00
0061992C	phQuadtreeCell::smCulledPolys	0.8750	data	005D4E04
00619930	phQuadtreeCell::smPolyTouched	0.8750	data	005D4E08
00619934	phQuadtreeCell::smNumCulledVerts	0.7500	data	005D4E0C
00619938	phQuadtreeCell::smMaxCulledVerts	0.5000	data	005D4E10
0061993C	phQuadtreeCell::smCulledVerts	0.8000	data	005D4E14
00619940	phQuadtreeCell::smVertTouched	0.7500	data	005D4E18
00619948	phQuadtreeCell::smTreePolys	0.8889	data	005D4E20
0061994C	phQuadtreeCell::smNextPoly	0.7500	data	005D4E24
00619950	phQuadtreeCell::smNumTreePolys	0.6667	data	005D4E28
006E0660	gGameState	0.6667	data	005D4E30
006199F0	mcBaseState::sInstance	0.6667	data	005D4EC8
00669D5D	mc::CarClassNames	0.5000	data	005D4F18
00619A70	mc::CarGroupNames	0.5000	data	005D4F48
00619A80	mc::AllowedCarNames	0.8000	data	005D4F60
00619ACC	mc::CheatAllOneAbility	0.4000	data	005D4FAC
00619AD0	mcCarPartDb::sm_Instance	0.7273	data	005D4FB0
0066BBD0	mcConfig::sSku	0.5000	data	005D4FD4
00619B0C	mcConfig::sAiDifficultyLevel	0.5000	data	005D4FE4
00614440	mcConfig::spNextRace	0.7500	data	005D4FEC
0065396E	mcConfig::sUnlockAllArcadeRaces	0.3333	data	005D4FF4
00619B20	mcConfig::sUnlockAllVehicleAbilities	0.8889	data	005D4FF8
0064E084	mcConfig::sUnlockAllPerformanceUpgrades	0.6667	data	005D4FFA
00619B48	mc::TODNames	0.8947	data	005D5020
00619B58	mc::WeatherNames	0.8824	data	005D5030
00619BF8	mc::NetworkRaceTypeNames	0.6667	data	005D50D8
00619C20	mc::RaceTypeNames	0.7500	data	005D5100
00660D62	mc::CityData	0.6667	data	005D5214
00619D58	mcControlConfigMgr::sm_Instance	0.8000	data	005D5220
006148A8	gNetManager	0.6667	data	005D5224
00619D60	mcHeap::m_PushedHeapOld	0.6667	data	005D5228
00619D70	mcRaceConfig::smPropsDefault	0.3333	data	005D5230
00619D71	mcRaceConfig::smTrafficDefault	0.3333	data	005D5231
00619DF4	mcRaceState::s_Instance	0.3333	data	005D5284
00660405	mcPgCareer::sInstance	0.6667	data	005D5290
00619E08	mcPgFillerRaces::sDifficultyNames	0.5000	data	005D5298
00619E28	mcPgRubberBanding::sGroupNames	0.5000	data	005D52B0
00619EC8	phArchetype::sClassTypeString	0.6667	data	005D5344
00619ED8	phArchetype::sDefaultTypeFlags	0.5000	data	005D5350
00619EE0	phArchetypePhys::sDefaultDensity	0.8571	data	005D535C
00619EE4	phArchetypePhys::sDefaultGravityFactor	0.7500	data	005D5360
00619EE8	phArchetypeMgr::Instance	0.9412	data	005D5364
00619EEC	phLevel::ActiveInstance	0.6762	data	005D5368
00619F00	phSleep::AngVelTolerance2	0.7500	data	005D537C
00619F04	phSleep::MaxTicks	0.5000	data	005D5380
00619F10	phSleep::Period	0.6667	data	005D538C
00619F20	phSleep::PeriodicAngBeta	0.5000	data	005D539C
00619F28	phOldContact::ContactsEnabledFlag	0.9000	data	005D53A4
00619F2C	phOldContact::ContactOversampleMultiplier	0.5000	data	005D53A8
00619F30	phOldContact::ContactOversampleInitialFactor	0.5000	data	005D53AC
00619F38	phOldContact::LastContactOversampleCount	0.7500	data	005D53B4
00619F44	zipFile::sm_ForceZip	0.5000	data	005D53BC
00619F4C	zipFile::sm_First	0.7143	data	005D53C4
0061B120	inflate_mask	0.7500	data	005D6598
0061B164	aiObstacleGrid::sm_pinstance	0.5143	data	005D65DC
0061B16C	mcRailCircleRegions::ms_rRegionOffsetFactor	0.5000	data	005D65E4
006349A0	aiRailNetwork::sm_pinstance	0.6667	data	005D65E8
0061B174	aiRailNetwork::sm_nTrafficMaxDensity	0.6667	data	005D65EC
0061B178	aiRailNetwork::sm_draw_resplines	0.7500	data	005D65F0
0061B1C0	mcPlayerSpecialAbilityParameter::s_SpecialAbilityName	0.5000	data	005D6628
0061B1CC	mcPlayer::m_WasPausedWhenKeyboardActivated	0.5000	data	005D6634
0061B1E4	mcReplayCamera::m_HeightFudge	0.5000	data	005D664C
0061B1F8	SYSFONT	0.6667	data	005D6678
0061BE60	gfxImage::sm_bppByType	0.8750	data	005D72E0
0061BE78	gfxImage::sm_FmtToPsm	0.7500	data	005D72F8
0061BE88	gfxUseSmallFont	0.5000	data	005D7700
0061C288	gfxLoadImageFolder	0.8889	data	005D7708
0061C28C	g_Allow8BitImages	0.6667	data	005D770C
0066FD80	g_Allow4BitImages	0.5000	data	005D770D
0061C290	g_TexExtension	0.6667	data	005D7710
0061C294	g_MaxAlpha	0.7500	data	005D7714
0061C2B0	gfxLoadImage	0.6667	data	005D7730
0061C2B8	MainMicrocode	0.9000	data	005D7738
0061C300	gfxModelFilenameExtension	0.6667	data	005D7780
00715C90	gfxPipeline::m_PixelAspect	0.5000	data	005D7798
0061C31C	gfxPipeline::m_FrameLock	0.8571	data	005D779C
0061C330	profEndFrame	0.5000	data	005D77B0
0061C350	profManage	0.6667	data	005D77D0
0061C354	profManageInit	0.5000	data	005D77D4
0061C380	gfxPipeline::m_CopyToFront	0.9231	data	005D7800
0061C384	gfxPipeline::m_CopyToFrontWidth	0.9000	data	005D7804
0061C388	gfxPipeline::m_CopyToFrontHeight	0.9000	data	005D7808
0061C38C	gfxPipeline::m_CopyToFrontColorDepth	0.8889	data	005D780C
0061C390	gfxPipeline::m_JitterX	0.7500	data	005D7810
0061C3B0	gfxPipeline::m_SwapAfterMinVBlanks	0.5000	data	005D7830
0061C424	gfxTexture::sm_DefaultMipBiasL	0.6667	data	005D78A4
0061C42C	gfxTexture::sm_TriLinearEnable	0.8000	data	005D78AC
0061C434	gfxTexture::sm_MaxMipMaps	0.5000	data	005D78B4
0061C438	s_FBRelativeCount	0.7500	data	005D78B8
00614758	gfxPAL	0.6667	data	005D7924
0061C4A8	gfxRefreshRate	0.5000	data	005D7928
006F4398	ageClearColor	0.5000	data	005D7930
0061C4C2	gfxState::sm_Vu0Enable	0.5000	data	005D7942
0061C4C3	gfxState::sm_Lighting	0.8333	data	005D7943
0061C4C8	gfxState::sm_AlphaBlendEnable	0.5833	data	005D7948
0061C4C9	gfxState::sm_FogEnable	0.6000	data	005D7949
0061C4CC	gfxState::sm_FogClamp	0.5000	data	005D794C
0061C540	devARpcData	0.5000	data	005D79C0
0061F8A8	_strmap	0.6667	data	005D7C98
0061F980	_defIQM	0.5000	data	005D7D40
0061FA40	_isDirty	0.8333	data	005D7E00
0061FA68	_showCount	0.5000	data	005D7E28
0061FBD8	_sceCd_ncmd_semid	0.7500	data	005D7F68
0061FBB0	_sceCd_scmd_semid	0.3333	data	005D7F6C
0061FBA0	sceCdCbfunc_num	0.7500	data	005D7F98
0061FC00	_sceCd_ncmdrdata	0.5000	data	005D7FC0
0061FC80	_sceCd_ncmdsdata	0.5000	data	005D8040
00620D50	_sceCd_cd_ncmd	0.6667	data	005D9110
00620D80	_sceCd_scmdrdata	0.2000	data	005D9140
00621820	dch	0.5000	data	005D9BE0
00621878	_sceFs_q	0.8000	data	005D9C38
00621938	__sce_sema_id	0.5000	data	005D9CF8
00621940	SysExecPS2Entry	0.5000	data	005DA4A8
00622C50	_kExecArg	0.7500	data	005DB010
00622F28	nsMcPowerUp::aszTypeNames	0.7500	data	005DB2E8
00622F70	nsMcPowerUp::aszTextureNames	0.5000	data	005DB330
00622FB8	nsMcPowerUp::aszPickupTypeNames	0.5000	data	005DB378
00622FD8	mcPowerup::sm_iceCube	0.7500	data	005DB398
00622FDC	mcPowerup::sm_shieldDistort	0.8000	data	005DB39C
00622FE0	mcPowerup::sm_shieldTex	0.5000	data	005DB3A0
00623005	datParser::sm_ProbeOnly	0.6667	data	005DB3C5
00623008	datParser::sm_CompareFunc	0.5000	data	005DB3C8
00623040	vehManager::m_pInstance	0.2500	data	005DB400
00623060	mcPlaneSplash::m_startAlpha	0.5000	data	005DB420
00623080	mcRain::sm_numDensityRegions	0.5000	data	005DB440
00634FA8	mcRain::sm_instance	0.3333	data	005DB448
006230A0	turboSmoke::sm_texParticle	0.6667	data	005DB460
006230A8	piSBQueryVersion	0.5000	data	005DB468
006230F0	gGameSpyAllocatorFunc	0.8537	data	005DB4B0
006230F8	_days	0.5000	data	005DB4B8
00623140	mcFeMemCard::sIsExistend	0.6667	data	005DB500
00623148	mcUiMouse::sInstance	0.6667	data	005DB510
00675CB9	UseMotionBuilderBoneFormat	0.5000	data	005DB590
00623150	CurveMgrBase::sm_pInst	0.6667	data	005DB594
00623158	NNMagicData	0.8000	data	005DB598
00623168	Matchup2Hostname	0.5000	data	005DB5A8
00715A04	psxScratchpad::sm_Top	0.6667	data	005DB5B4
0062317C	vehBaseCS::sClassTypeString	0.5000	data	005DB5BC
00623184	vehPlayerInput::s_fSteerRate	0.7500	data	005DB5C4
00664206	txtLanguage::mAbbreviations	0.5000	data	005DB5F0
00625E08	DataSingleton<hudMapLocal::SharedDataLocalMap>::data	0.6667	data	005DBD68
00623770	__default_alloc_template<false, 0>::_S_free_list	0.8793	data	005DBD70
0062CD08	_t13CullableClass4Z11mcPropClassZ15mcCullableClassi61520mcCullableClassOrder4$m_pInstance	0.7500	data	005DBDB0
00623830	__malloc_alloc_template<0>::__malloc_alloc_oom_handler	0.5000	data	005DBE2C
00623834	__default_alloc_template<false, 0>::_S_start_free	0.5000	data	005DBE30
00623978	_t13CullableClass4Z14mcSpotlightMgrZ15mcCullableClassi12820mcCullableClassOrder13$m_pInstance	0.6667	data	005DBF2C
0062397C	_t13CullableClass4Z16rmcCarModelClassZ15mcCullableClassi142820mcCullableClassOrder10$m_pInstance	0.7500	data	005DBF30
006239F0	mcMusic virtual table	0.6667	data	005DBFB8
00623A00	mcMemCard virtual table	0.6667	data	005DBFC8
00623EF8	mcInstBucket virtual table	0.5000	data	005DC490
00623F0C	_t13CullableClass4Z14mcSenseOfSpeedZ15mcCullableClassi12820mcCullableClassOrder14$m_pInstance	0.7500	data	005DC4A4
00623F10	_t13CullableClass4Z13mcColorFilterZ15mcCullableClassi12820mcCullableClassOrder12$m_pInstance	0.5000	data	005DC4A8
00623F18	mcFbGlowTuneParams virtual table	0.6667	data	005DC4B0
00623F68	_t13CullableClass4Z10mcTrashMgrZ15mcCullableClassi920mcCullableClassOrder11$m_pInstance	0.5000	data	005DC4DC
00624100	_t13CullableClass4Z21mcRoadReflectorSystemZ15mcCullableClassi820mcCullableClassOrder1$m_pInstance	0.3333	data	005DC694
006248B8	swfSCRIPTOBJECT virtual table	0.8571	data	005DCE20
00624B68	swfCMD_DoAction virtual table	0.6667	data	005DD0D0
00624B88	swfCMD virtual table	0.5000	data	005DD0F0
00624FB8	_t13CullableClass4Z20mcTrainCullableClassZ15mcCullableClassi3220mcCullableClassOrder6$m_pInstance	0.2500	data	005DD10C
00624D04	_t13CullableClass4Z14aiAmbientClassZ15mcCullableClassi56520mcCullableClassOrder5$m_pInstance	0.6667	data	005DD2E4
00625018	mcTrainBuilder virtual table	0.5000	data	005DD530
00624FE0	mcAmbientControlled virtual table	0.7500	data	005DD540
00624FF8	mcAmbientDistrib virtual table	0.6667	data	005DD558
00625028	mcCullable virtual table	0.7500	data	005DD568
00625050	mcCullableClass virtual table	0.7500	data	005DD590
00625070	mcCullableType virtual table	0.7500	data	005DD5B0
00625094	_t13CullableClass4Z16mcCityModelClassZ15mcCullableClassi7920mcCullableClassOrder3$m_pInstance	0.5000	data	005DD5D4
00625208	_t13CullableClass4Z20mcInstCityModelClassZ15mcCullableClassi7920mcCullableClassOrder2$m_pInstance	0.7500	data	005DD6CC
006251E8	mcInstCityModelClass virtual table	0.5000	data	005DD728
00625288	_t13CullableClass4Z13mcSkyHatClassZ15mcCullableClassi220mcCullableClassOrder0$m_pInstance	0.2500	data	005DD764
006253D8	vehEngine virtual table	0.6667	data	005DD910
006253F8	vehFluidTune virtual table	0.6667	data	005DD930
00625410	vehFluid virtual table	0.6667	data	005DD948
00625438	vehSuspension virtual table	0.6667	data	005DD970
00625450	vehTrailerJoint virtual table	0.5000	data	005DD988
006256D0	hudHud virtual table	0.6667	data	005DDAE0
00625700	DataSingleton<hudChat::SharedData>::references	0.6667	data	005DDB10
00625758	hudChat::SharedData virtual table	0.6667	data	005DDB68
00625788	hudChatBox virtual table	0.6667	data	005DDB98
00625798	hudChatBox::SharedData virtual table	0.6667	data	005DDBA8
006257C4	DataSingleton<mcHudClock::SharedData>::data	0.7500	data	005DDBD4
006257E0	DataSingleton<mcHudClock::SharedData>::references	0.6667	data	005DDBD8
006257D0	DataSingleton<mcHudClock::SharedDataNumberOfViewports>::data	0.8000	data	005DDBE0
0062588C	DataSingleton<hudDamage::SharedData>::data	0.8000	data	005DDC9C
006258A0	DataSingleton<hudDamage::SharedData>::references	0.6667	data	005DDCA0
00625898	DataSingleton<hudDamage::SharedDataNumberOfViewports>::data	0.8333	data	005DDCA8
00625928	hudDamage::SharedData virtual table	0.5000	data	005DDD38
00625A40	DataSingleton<hudDropCounter::SharedData>::references	0.6667	data	005DDD68
00625A48	DataSingleton<hudDropCounter::SharedDataNumberOfViewports>::data	0.8000	data	005DDD70
00625B58	DataSingleton<hudFlag::SharedData>::references	0.6667	data	005DDE80
00625BB0	hudFlag::SharedData virtual table	0.5000	data	005DDED8
00625BDC	DataSingleton<hudGear::SharedData>::data	0.7500	data	005DDF04
00625BE8	DataSingleton<hudGear::SharedDataNumberOfViewports>::data	0.8000	data	005DDF10
00625BE0	hudGear virtual table	0.6667	data	005DDF20
00625C78	hudGear::SharedData virtual table	0.5000	data	005DDFA0
00625D40	DataSingleton<hudLapCounter::SharedData>::references	0.6667	data	005DDFD0
00625DA0	hudLapCounter::SharedDataNumberOfViewports virtual table	0.5000	data	005DE040
00625DD0	hudLapCounter::SharedData virtual table	0.5000	data	005DE070
00643EA1	DataSingleton<hudMap::SharedDataAllTypes>::references	0.5000	data	005DE0A0
00625E10	DataSingleton<hudMapGlobal::SharedDataGlobalMap>::references	0.6667	data	005DE0B0
00626180	DataSingleton<hudNitro::SharedData>::data	0.6667	data	005DE3C4
006261D8	hudNitro::SharedDataNumberOfViewports virtual table	0.5000	data	005DE430
00626288	DataSingleton<hudPowerup::SharedData>::references	0.6667	data	005DE490
006262E0	hudPowerup::SharedData virtual table	0.5000	data	005DE4E8
0062630C	DataSingleton<hudSSTurbo::SharedData>::data	0.7500	data	005DE514
00626318	DataSingleton<hudSSTurbo::SharedDataNumberOfViewports>::data	0.8000	data	005DE520
00626320	DataSingleton<hudSSTurbo::SharedDataNumberOfViewports>::references	0.6667	data	005DE528
00626378	hudSSTurbo::SharedDataNumberOfViewports virtual table	0.5000	data	005DE580
006263E8	DataSingleton<mcHudTimer::SharedData>::references	0.6667	data	005DE5E0
006264B0	DataSingleton<hudRankDisplay::SharedData>::data	0.7500	data	005DE6A4
006264C8	DataSingleton<hudRankDisplay::SharedData>::references	0.6667	data	005DE6A8
006264C0	DataSingleton<hudRankDisplay::SharedDataNumberOfViewports>::data	0.8000	data	005DE6B0
00626520	hudRankDisplay::SharedDataNumberOfViewports virtual table	0.5000	data	005DE710
00626550	hudRankDisplay::SharedData virtual table	0.5000	data	005DE740
0062657C	DataSingleton<hudRearViewMirror::SharedData>::data	0.8750	data	005DE76C
00626588	DataSingleton<hudRearViewMirror::SharedDataNumberOfViewports>::data	0.8333	data	005DE778
00626580	DataSingleton<hudRearViewMirror::SharedDataNumberOfViewports>::references	0.6667	data	005DE780
00626674	DataSingleton<hudSpeedometer::SharedData>::data	0.7500	data	005DE864
00626688	DataSingleton<hudSpeedometer::SharedData>::references	0.6667	data	005DE868
00626680	DataSingleton<hudSpeedometer::SharedDataNumberOfViewports>::data	0.8333	data	005DE870
00626780	hudSplashAnim virtual table	0.6667	data	005DE970
00626934	DataSingleton<hudTachometer::SharedData>::data	0.7500	data	005DEB24
00626948	DataSingleton<hudTachometer::SharedData>::references	0.6667	data	005DEB28
00626940	DataSingleton<hudTachometer::SharedDataNumberOfViewports>::data	0.8000	data	005DEB30
00626A00	DataSingleton<hudZoneMeter::SharedDataNumberOfViewports>::references	0.6667	data	005DEC00
00626B40	BackDrop virtual table	0.6667	data	005DF0A0
00626D30	rmcLodStatic virtual table	0.7500	data	005DF260
00626D58	rmcLod virtual table	0.6667	data	005DF288
00626D80	rmcModelFactory virtual table	0.6667	data	005DF2B0
00628188	mcCarFluid virtual table	0.6667	data	005E0708
0062AE80	uiWidget::SelectionEventData virtual table	0.5000	data	005E26A0
0062BA30	mcLobbyMenu virtual table	0.5000	data	005E2FE8
00631658	aiDamage virtual table	0.6667	data	005E8800
00631680	uiBase virtual table	0.6667	data	005E8828
00631880	uiText::TextEventData virtual table	0.6667	data	005E8A28
00631D90	uiVisual::PositionEventData virtual table	0.7500	data	005E8F38
00631F78	uiText::TextIdEventData virtual table	0.6667	data	005E9120
006321E0	datAssetManagerHierNew virtual table	0.5000	data	005E9388
006323F8	datAsciiTokenizer virtual table	0.9464	data	005E95A0
00632708	netEngineThreadPeer virtual table	0.6667	data	005E9890
00632720	crRagdollSleep virtual table	0.5000	data	005E98A8
00632738	sndAudioManager virtual table	0.6667	data	005E98C0
00632760	sndBankMgr virtual table	0.6667	data	005E98E8
00632770	sndBank virtual table	0.6667	data	005E98F8
006660F8	sndBankStream virtual table	0.5000	data	005E9908
00632BE8	crAnimFXData virtual table	0.5000	data	005E9D60
00632C08	_t13CullableClass4Z23mcCreatureCullableClassZ15mcCullableClassi820mcCullableClassOrder8$m_pInstance	0.8000	data	005E9D80
006DFE00	phPolytree<phOctreeCell>::TestProbe__Ct10phPolytree1Z12phOctreeCellRC9phSegmentP14phIntersectionf.0::totalCalls	0.5000	data	005EA318
00635078	vehHornSoundData virtual table	0.6667	data	005EC0D0
00635090	vehHornSound virtual table	0.6667	data	005EC0E8
00635358	phJoint virtual table	0.7500	data	005EC3A0
0063E750	netManagerThread::m_DH_Pair	0.6667	data	005F4258
0063ED58	net::kAverageTimeHorizons	0.5000	data	005F4558
0063F718	swfNumberToString	0.7500	data	005F4CE8
00644988	hudMapServer::mQueueSizes	0.6667	data	005F9818
0065C674	Stream::sm_UnavailableString	0.8000	data	0060DEBC
0065E6CC	sndStream::sm_PLII_Coeffs	0.5000	data	0060FDD0
00660C68	mcRaceHookmen::smMessageStringData	0.5000	data	00612250
00662840	aiBrain::sm_RubberBandMinSpeedDefault	0.2500	data	00613ABC
00663C74	aiRamActivationZone::kTimeDelay	0.5000	data	00614E40
0066437C	uiMaster::sm_TypeNameuiMaster	0.3333	data	0061540C
00666228	kImpactSizeNames	0.5000	data	00617308
006663F8	sndSurfaceSoundList::smSurfaceNames	0.5000	data	006174C8
006672B8	mcCityLifeFactory::ms_kMaxCreaturesInNonMasterGroup	0.5000	data	00618368
00667380	mcCreature::ms_rCreatureRadius	0.6667	data	00618430
006677B0	phBoundBox::FaceFromEdge	0.5000	data	00618870
006D9200	phBoundBox::CornerFromEdge	0.5000	data	006188D0
00667842	phBoundBox::CornerFromFace	0.5000	data	00618900
00667D40	phBoundOTGrid::INVALID_CELL	0.5000	data	00618E00
0066AC50	mcControlConfigMap::sm_KeyNames	0.5000	data	0061BBA0
0066B698	mcControlConfigMap::sm_MappableNames	0.6667	data	0061C590
0066C418	mcPgFuzzyRulesEval_DirName	0.5000	data	0061D2E4
0066C41C	mcPgFuzzyRulesEval_TypeName	0.5000	data	0061D2E8
0066C558	mcPgHookmanSelect::mRules	0.5000	data	0061D408
006725C8	Keypad_table	0.5000	data	00622B08
00637C60	_fbss	0.5000	data	00628400
00614890	PARAM_initStatsPriority	0.1429	data	0062A6D8
00679A28	g_explosionPalette	0.6667	data	0062A710
00679E80	mcGlassPtx::m_particles	0.5000	data	0062AB10
0068BA50	dbCam	0.6667	data	0063C710
00694B00	mcLightning::verts	0.6667	data	006457C0
00694E00	mcLightning::numbers	0.5000	data	00645AC0
00694E20	mcLightning::endColor	0.5000	data	00645AE0
00694E58	mcSpark::sm_sparks	0.8000	data	00645B20
0069CE60	mcSpark::sm_gravity	0.7500	data	0064DB20
0069CE68	s_apActiveSparks	0.6667	data	0064DB30
0069D668	s_apDrawSparks	0.5000	data	0064E330
0069FBC0	g_GIF	0.7500	data	00650840
006AB520	FeGOA::s_Connection	0.7500	data	0065A200
006AB528	FeGOA::s_Friends	0.8571	data	0065A208
006AFD48	FeGOA::s_GameInvites	0.8000	data	0065CA28
0063D53F	mcClanThumbnail::sm_dummy	0.5000	data	0065D638
006B0A38	s_swPtxBirthHash	0.8571	data	0065D668
006B0A50	netGUID::sm_Dummy	0.2500	data	0065D680
006B50C4	mc::CommonSFX	0.7500	data	0065E740
006B7790	aiAmbientType::sm_wheelsincos	0.7500	data	00660D20
006B7BE8	aiAmbientVehicle::sm_isect	0.6667	data	00661170
006B9E08	aiAmbientVehicle::sm_fire_rule	0.6667	data	00663388
00615800	aiAmbientVehicle::sm_max_speed	0.5000	data	00663440
006BAAE0	aiAmbientVehicle::sm_chunkPos	0.8000	data	00663460
0070F438	ioPad::PADS	0.6667	data	00664840
006BBB70	Matrix34::I	0.8167	data	00665070
006BBBA0	M34_IDENTITY	0.8889	data	006650A0
006BBBD0	Matrix44::I	0.8750	data	006650D0
006BBC10	Q_IDENTITY	0.5000	data	00665110
006BBC24	ORIGIN	0.9149	data	00665120
006BBC30	XAXIS	0.8571	data	00665130
006BBC40	YAXIS	0.7895	data	00665140
006BBC50	ZAXIS	0.7500	data	00665150
006BBC70	VEC3_MAX	0.6667	data	00665170
006BBC80	VECTOR4_ORIGIN	0.5000	data	00665180
006BDA6E	g_bUseSpanBuffering	0.6667	data	00666B86
006BDA6C	g_bOccludeCityCellsNoPVS	0.5000	data	00666B8D
006BDA88	vehTrailerJoint::FreeBendCosine	0.6667	data	00666BA0
006BE500	rmcState::sm_LightGroup	0.5000	data	00666C20
006BE588	rmcForceProxy	0.6667	data	00666CB0
006BE590	rmcModelFactory::sm_Flags	0.8333	data	00666CB8
00615D84	PARAM_nocpv	0.6667	data	00666CE0
00626E50	rmcShaderFactoryCount	0.6667	data	00666D4C
006BE6B8	rmcShadertCache	0.8889	data	00666DE8
006BE6D0	PARAM_shaderwarnings	0.5000	data	00666E00
006BE770	s_ParamHash	0.8000	data	00666EB0
006BE7A8	rmcTextureHash	0.8333	data	00666EE8
006BE7D8	rmcShaderGroupIndex	0.5000	data	00666F18
006BE848	txtFontTex::sm_HashTable	0.8000	data	00666F88
006751B4	STRINGTABLE	0.6667	data	00666FA0
006BE8E0	mcCarPaintJob::sm_paintTypeInfo	0.8000	data	00667030
006BE9A8	s_StreamInfos	0.5000	data	00667100
006BEC10	mcCarModelLightGlowSet::sm_sideMarkerColorPresets	0.6667	data	00667270
006BEC40	mcCarModelLightGlowSet::sm_coplightColorPresets	0.6667	data	006672A0
006C2E04	ptxDrawInfoCurrent	0.8571	data	00667304
006C2E28	mc3FeView::sm_OldPosition	0.6667	data	00667320
006C2E40	mc3FeView::sm_OldCamPosition	0.6667	data	00667330
006C2E48	currentViewSpot	0.7500	data	00667340
006C2E60	turboColor	0.6667	data	00667350
00618769	PARAM_skipintro	0.5000	data	00667360
006C3168	g_buckets	0.8000	data	006677E8
006C31A0	g_bangers_disabled_atbreak	0.5000	data	00667820
006C328C	ipcCriticalSectionToken::s_OwnerSema	0.6667	data	006678CC
006C33A8	qr2_hostname	0.5000	data	006679E8
700003A0	sm_mcOccluderFastCullMtx	0.6000	data	00667A40
006C3408	num_fragmented_spans	0.6667	data	00667C50
006C340A	curr_free_span_in_array	0.5000	data	00667C52
006CD1E8	phMaterialMgr::Table	0.8333	data	006716F8
006CD200	mcNetManager::sm_NatAddress	0.8000	data	00671710
006D4C70	g_riderSkinColor	0.8000	data	006784D0
006D4C80	g_riderLeatherHilightColor	0.8000	data	006784E0
006D4CA0	g_riderVinylJacketColor	0.8000	data	00678500
006D4CB0	g_riderVisorColor	0.8333	data	00678510
006D4C90	g_riderChromeColor	0.7500	data	00678520
006D4CD0	g_shirtDetailTexCoordScale	0.8000	data	00678530
006D4CD8	g_pantsDetailTexCoordScale	0.8000	data	00678538
006D4CE0	g_riderClothColor	0.8000	data	00678540
006D4D18	mcCheckpoint::sm_tuneHash	0.5000	data	00678588
00618A90	mcCheckpoint::m_verts	0.6667	data	006785A0
006D4F40	aiCopHeli::m_coneColor	0.7500	data	006787C0
006D4F50	aiCopMgr::sm_Offenders	0.8000	data	006787D0
006D5538	LogRandomCalls	0.5000	data	006796F8
006D5550	g_ReplayRand	0.5854	data	00679708
00694E64	g_DrawRand	0.6667	data	00679710
006D5560	datArgParser::ArgHash	0.8333	data	00679718
006D557C	ASSETP	0.9167	data	00679734
00668554	NullCallback	0.6667	data	00679740
006D5820	g_datResetList	0.8000	data	006799D8
006D5968	g_datEndFrameList	0.7500	data	00679B20
006D59CC	datMemoryOpNew	0.8333	data	00679BAC
006D59D0	datMemoryOpDelete	0.8750	data	00679BB0
006D5B00	s_Requests	0.7500	data	0067AD00
006D6C88	datTimeManager::Time	0.6667	data	0067AE80
006D6CD0	sndControl3d::sm_Heads	0.8571	data	0067AEF0
006D6ED0	sndVoiceSfx::smFreeList	0.8333	data	0067B0F0
006D6F00	sndVoice::smUsedList	0.6667	data	0067B120
006D6F10	fxParticles::sm_CameraPos	0.5000	data	0067B130
006D8F54	ghiProxyAddress	0.8000	data	0067D174
006D8F58	ghiProxyPort	0.6667	data	0067D178
006D9104	mcCreature::ms_rMedSimLodDist	0.6667	data	0067D340
006D9108	mcCreature::ms_rHighDrawLodDist	0.6667	data	0067D348
006D9114	mcCreatureActionSeq::ms_rDistFromSafeZonePtSq	0.6667	data	0067D354
006D9138	phBoundBox::UnitCorners	0.8571	data	0067D378
006D91E0	phBoundBox::FaceNormals	0.6667	data	0067D3D8
006198A0	phBoundGeometry::sm_CG	0.6667	data	0067D5C8
006DC7A0	phBoundPolyhedron::IsectListAB	0.5714	data	0067D5E0
006DFBA0	phOctreeCell::smBoxMaxStack	0.8000	data	00683DE0
006DFD80	phOctreeCell::FindCellBoxMin	0.8000	data	00683FC0
006DFDC0	phOctreeCell::smOBB	0.7500	data	00684000
006DFEA0	phQuadtreeCell::smBoxMaxStack	0.8000	data	006840E0
00619920	phQuadtreeCell::FindCellBoxMin	0.8000	data	006842C0
006E00C0	phQuadtreeCell::smOBB	0.7500	data	00684300
006E0100	phQuadtreeCell::smSegmentA	0.5000	data	00684340
006E0120	phQuadtreeCell::smScratchpad	0.5000	data	00684360
00627630	mc::Cars	0.6667	data	006843A8
006E0180	mc::Manufacturers	0.5000	data	006843B0
006E0689	mcConfig::sLocalPlayerOptions	0.8462	data	00684750
006F2CD8	mcConfig::sRuntimePlayerOptions	0.5833	data	0068DAF8
006179C4	mcConfig::s_VehicleInfo	0.6667	data	0068DB10
006F2D48	mcHeap::m_NetHeap	0.6667	data	0068DBB8
006F30F4	mcPgHookmanSelect::mRuleWeightDefaults	0.5000	data	0068DE08
0066C5D1	PARAM_careerseed	0.6667	data	0068DE38
006F3280	mcPgVehicleSelect::mRuleWeightDefaults	0.5000	data	0068DF58
006F32E8	phOldContact::Penetration	0.6667	data	0068DFF0
0066B6B0	mcControl::sm_ControlConfig	0.5000	data	0068EE58
006F4470	gfxTexHash	0.8571	data	0068F178
006F4488	gsmem	0.8571	data	0068F190
006F4798	s_VclCode	0.6667	data	0068F4A8
006F47E0	gfxPipeline::m_CopyToFrontColor	0.6667	data	0068F500
0070F8BC	PARAM_cfcdepth	0.5000	data	0068F580
006F4860	gfxFrameCounter	0.7500	data	0068F5F4
006F4880	NoTexture	0.8000	data	0068F5F8
006F4888	gfx_ZBUF	0.8889	data	0068F618
006F48B4	gfxDrawStart	0.7500	data	0068F644
006F48B8	gfxDrawTicks	0.6667	data	0068F648
006F48BC	gfxIdleTicks	0.7500	data	0068F64C
006F48C0	gfxIdleTime	0.6667	data	0068F650
006F60B8	gfxCpuUpdateTime	0.6667	data	00690EB4
006F60C0	gfxBeginFrameTime	0.6667	data	00690EBC
006F47C0	gfxEndFrameTime	0.5000	data	00690EC0
006F60D0	gfxMaterial::FlatWhite	0.7500	data	00690ED0
006F6120	gfxLight::Sun	0.6667	data	00690F20
006F61A0	gfxState::sm_Identity	0.6875	data	00690FA0
006F6221	gfxFillModeChanged	0.5000	data	00691021
006F66D0	g_gfxPipeAfterVblankList	0.6667	data	006914D0
00705C70	RANDOM	0.5000	data	006A06B0
00705ED8	gRpcContext	0.6667	data	006A0920
00707FE0	GSIACHostname	0.5000	data	006A2C80
00708020	__GSIACResult	0.7778	data	006A2CC0
00708028	__GSIACGamename	0.8333	data	006A2CC8
00708138	tmpMessage	0.5000	data	006A3100
00708240	crBoneData::DefaultTransMin	0.8000	data	006A3170
007084A0	mcGraphNode::m_oBoundingSphere	0.6667	data	006A33B0
00709500	Stream::sm_Streams	0.5000	data	006A4920
0070E500	memMemoryAllocator::sm_Current	0.9286	data	006A9A80
0061C4B8	gfxPipeline::m_EvtFlags	0.5000	data	006A9A84
0070E50C	gfxPipeline::m_Viewport	0.8060	data	006A9A8C
0070E5EC	gfxPipeline::m_iWidth	0.8333	data	006A9A90
0070E5F0	gfxPipeline::m_iHeight	0.8333	data	006A9A94
0070E518	phSimulator::ActiveInstance	0.6087	data	006A9A98
00618DE0	datReplay::sm_ReplayFile	0.8889	data	006A9A9C
00618DE4	datReplay::sm_Playback	0.7500	data	006A9AA0
0070E524	datTimeManager::ElapsedTime	0.6842	data	006A9AA4
00615E50	rmcShader::sm_Globals	0.4091	data	006A9AA8
0070E568	mcGarage::sm_FromGameMode	0.8333	data	006A9AE8
0070E56C	rmcTextureFactory::sm_Instance	0.8548	data	006A9AEC
0070E570	datResource::sm_Current	0.6875	data	006A9AF0
0070E578	rmcModelFactory::sm_Instance	0.5882	data	006A9AF4
00715508	sndBankMgr::smInstance	0.7500	data	006A9B00
00660850	mcRacerManager::sm_Instance	0.6667	data	006A9B04
006BEC8A	mcGameRaceEditor::m_MemCardRaces	0.5000	data	006A9B10
0064C424	mcGameRaceEditor::playableRace	0.6667	data	006AFD88
0070E5A0	mcGlassPtx::m_windowBreakTimer	0.6667	data	006AFF60
0070E5A4	gfxState::sm_ZFunc	0.8462	data	006AFF64
0070E5A8	gfxState::sm_ZWrite	0.9167	data	006AFF68
0070E5A9	gfxState::sm_AlphaRef	0.8750	data	006AFF69
0070E5AC	gfxState::sm_AlphaFunc	0.9231	data	006AFF6C
0070E5B0	gfxState::sm_AlphaFail	0.7500	data	006AFF70
0070E5B4	gfxState::sm_Cull	0.5238	data	006AFF74
00626BB8	rmcTexture::None	0.6667	data	006AFF78
0070E5B8	gfxPipeline::m_yOrigin	0.9231	data	006AFF80
0070E5C0	gfxPipeline::m_ZRange	0.9286	data	006AFF84
0070E5E8	lowPsxGfx::sm_Ucode	0.8000	data	006AFF88
0070E600	mcSpotlight::m_active	0.6667	data	006AFF9C
0070E604	gfxState::sm_ZBias	0.5714	data	006AFFA0
0070E608	gfxState::sm_BlendSet	0.6667	data	006AFFA4
00624220	mcLobby::sm_Instance	0.5000	data	006AFFB4
00658D68	mcFeInternet::sm_FriendIcons	0.5000	data	006AFFB8
0070F110	gfxGeometry::sm_ModelMatrixCount	0.6667	data	006AFFD8
00632A38	sndControlVolumeGroup::smFirst	0.6667	data	006AFFDC
0070F19C	swfCONTEXT::sm__global	0.8889	data	006AFFE0
0070F1A0	swfCONTEXT::sm_Symbols	0.8571	data	006AFFE4
0070F1A4	swfFILE::sm_CurrentFile	0.8333	data	006AFFE8
0070F1A8	swfFILE::sm_CurrentFocus	0.8750	data	006AFFEC
0070F1AC	swfFILE::sm_CurrentRoot	0.6667	data	006AFFF0
0070F1B0	swfFILE::sm_AdjustX	0.8000	data	006AFFF4
0070F1B8	swfFILE::CreateTexture	0.5000	data	006AFFFC
0070F1BC	swfFILE::BindTexture	0.8571	data	006B0000
0070F1C0	swfFILE::FixupTexture	0.7500	data	006B0004
0070F1C4	swfINSTANCE::sm_CurrentPool	0.8000	data	006B0008
0070F1C8	swfSYMTAB::SYMBOL::sm_CurrentPool	0.8000	data	006B000C
0070F1CC	swfSCRIPTOBJECT::sm_CurrentPool	0.8000	data	006B0010
0070F1D0	swfSTRING::sm_CurrentPool	0.8000	data	006B0014
0070F1D4	swfINPUT::sm_Instance	0.8889	data	006B0018
0070F1D8	swfVARIANT::Reclaim	0.5000	data	006B001C
006B7450	aiAmbientCollider::sm_pseg	0.5000	data	006B0020
0070F264	ioKeyboard::m_Active	0.6667	data	006B0074
0070F440	ioMouse::m_Buttons	0.8333	data	006B0280
0070F444	ioMouse::m_HasWheel	0.7500	data	006B0284
0070F44C	ioMouse::m_X	0.7500	data	006B028C
0070F450	ioMouse::m_InvWidth	0.7500	data	006B0290
0070F454	ioMouse::m_Y	0.6667	data	006B0294
0070F458	ioMouse::m_InvHeight	0.6667	data	006B0298
0070F45C	ioMemCard::s_MetaSize	0.5000	data	006B029C
0070F460	ioMemCard::sIconSys	0.8333	data	006B02A0
0070F824	ioMemCard::s_CardType	0.5000	data	006B0664
0070F830	ioMemCard::s_NameOfBrowserIcon	0.8000	data	006B0670
0070F83C	ioMemCard::s_Valid	0.6667	data	006B067C
0070F840	ioMemCard::s_Result	0.9583	data	006B0680
0070F844	ioMemCard::s_FileIndex	0.8750	data	006B0684
0070F848	ioMemCard::s_Buffer	0.8750	data	006B0688
0070F850	ioMemCard::s_FileFullName	0.8750	data	006B0690
0070F890	ioMemCard::s_SubState	0.9375	data	006B06D0
0070F894	ioMemCard::s_ReadOnly	0.5000	data	006B06D4
0070F898	ioMemCard::s_FileHandle	0.8571	data	006B06D8
0070F8A0	ioMemCard::s_Whence	0.5000	data	006B06E0
0070F8A4	ioMemCard::s_WriteIconsSys	0.6667	data	006B06E4
0070F8A8	ioMemCard::s_IconState	0.8000	data	006B06E8
0070F8AC	ioMemCard::s_IconResult	0.7500	data	006B06EC
0070F8B0	ioMouse::m_WindowButtons	0.5000	data	006B06F0
0070F8B4	ioMouse::m_LastButtons	0.7500	data	006B06F4
0070F938	iopManager::s_LoadedModules	0.7500	data	006B0778
0070F9B8	iopManager::s_ModuleHandles	0.6667	data	006B07F8
0070FA3C	rmcCpvPalette::sm_Dirty	0.8750	data	006B087C
0070FA40	rmcCpvPalette::sm_Current	0.8750	data	006B0880
0070FA44	mcCity::s_pShaderGroups	0.5000	data	006B0884
0070FA4C	mcLightManager::sm_Instance	0.8750	data	006B088C
0070FA50	mcLightManager::farthestAddedLight	0.6667	data	006B0890
0070FA60	phSurface::DefaultSurface	0.8333	data	006B08A0
0070FA64	hudStreamedTextures::sm_Data	0.5714	data	006B08A4
0070FA68	gfxState::sm_LightEnableMask	0.6667	data	006B08A8
0070FA70	rmcShader::sm_MicrocodeAddresses	0.8000	data	006B0AD0
0070FAB0	datPage::sm_Dummy	0.6667	data	006B0B10
00715A30	gfxPipeline::m_ColorDepth	0.7500	data	006B0B34
0070FAE0	rmcShader::sm_DrawBucketNames	0.6667	data	006B0B40
0070FB60	rmcShaderTemplate::sm_Templates	0.7000	data	006B0BD0
0070FBE4	rmcTextureFactory::sm_GlobalMipAdjust	0.5000	data	006B0C54
0070FBE8	gfxPipeline::m_TexTop	0.6000	data	006B0C58
0070FBEC	gfxPipeline::m_TexCur	0.5556	data	006B0C5C
0070FBF0	gfxPipeline::m_TexBase	0.7273	data	006B0C60
0070FBF4	gfxPipeline::m_FBP0	0.8750	data	006B0C64
0070FC10	phSimulator::NumBrokenColliders	0.7500	data	006B0C80
0070FC40	mcCarCustom::sm_licensePlateInfo	0.6667	data	006B0CB0
00622FD4	mcPowerup::sm_tuneData	0.7500	data	006B2C30
00711C10	csActor::ActorCreator	0.6667	data	006B2C88
00711C20	datAssetManager::sm_Path	0.9000	data	006B2C98
00711D40	Stream::sm_OpenCallback	0.6667	data	006B2F28
00711DB4	memMemoryAllocator::sm_First	0.7500	data	006B2FA8
00711DC0	datMemoryCriticalSection::sm_Enable	0.8000	data	006B2FB8
00711E00	sndManager::sm_SendBuff	0.6667	data	006B3000
00714180	sndManager::sm_CommandBuff	0.8000	data	006B5380
00714190	sndManager::sm_AgeSndCaps	0.7500	data	006B5390
00714194	sndManager::sm_AgeSndStatus	0.8571	data	006B5394
00714198	sndStream::sm_MaxStreams	0.8333	data	006B5398
0071419C	sndSfx::sm_Sfxs	0.8333	data	006B539C
007141A0	sndSfx::sm_MaxSfxs	0.8000	data	006B53A0
007141A4	sndStream::sm_Streams	0.8333	data	006B53A4
007141A8	sndStream::sm_ZipFile	0.8571	data	006B53A8
007141AC	sndStream::sm_HashFile	0.8571	data	006B53AC
007141B0	mcCheckpoint::m_tuneParams	0.5714	data	006B53B0
007141E8	aiCopMgr::sm_CopBrains	0.8889	data	006B53D8
00714228	aiCopMgr::sm_NumRespawnImmuneAreas	0.8000	data	006B5418
00714230	aiCopMgr::sm_Helicopters	0.8333	data	006B5420
00714240	aiCopMgr::sm_RespawnImmuneAreas	0.7500	data	006B5430
00714280	uiInput::defaultNavKeyboardKeySettings	0.6667	data	006B54A0
00714354	datArgParser::Argv	0.6667	data	006B5540
00714360	datPageRequest::sm_FrameRequestCount	0.6667	data	006B5548
00714CC0	datPageFile::sm_Instances	0.6154	data	006B5EB0
0070E574	datPageManager::sm_Instance	0.7143	data	006B66B0
007154C0	datPageFile::sm_Age	0.5000	data	006B66B4
007154C4	HashTable::First	0.8000	data	006B66B8
0061C4AC	datParam::sm_ProgName	0.5000	data	006B66C0
007154D4	datReplay::sm_InFrame	0.7500	data	006B66CC
007154D8	datReplay::sm_LastFrameData	0.8571	data	006B66D0
00715504	sndControl3d::sm_DriverHandles3d	0.8333	data	006B66FC
0061932C	sndControl::smDefaultVolumeGroup	0.8571	data	006B6704
00619328	sndControl::smControlList	0.5000	data	006B6708
00619330	sndControl::smReverbVolume	0.6667	data	006B670C
0071550C	sndControl3d::sm_HeadCount	0.8333	data	006B6710
006BC500	sndVoiceStream::smStreamPath	0.5000	data	006B6714
00715520	fxParticles::sm_MinRate	0.6667	data	006B6720
00715528	fxTrack::sm_tex	0.7500	data	006B6730
00715648	phOctreeCell::FindCellCurrentT	0.6667	data	006B6850
0071564C	phOctreeCell::FindCellCurrentCell	0.7500	data	006B6854
00715650	phQuadtreeCell::FindCellCurrentT	0.6667	data	006B6858
00715654	phQuadtreeCell::FindCellCurrentCell	0.7500	data	006B685C
00715658	mcHeap::m_SavedArgs	0.7500	data	006B6860
00715858	mcHeap::m_RealTop	0.6667	data	006B6A60
007159EC	phContactMgr::ActiveInstance	0.5000	data	006B6BF4
007159F0	phOldContactMgr::LastSecs	0.7500	data	006B6BF8
007159F8	zipFile::sm_SeekTime	0.5000	data	006B6C00
00715A00	gfxPipeline::m_DownloadTextures	0.8000	data	006B6C08
00715A01	gfxPipeline::m_FieldInterlaced	0.8571	data	006B6C09
00715A18	gfxMipChain::sm_First	0.6667	data	006B6C20
00715A20	gfxPipeline::m_FadeStart	0.6667	data	006B6C28
00715A2C	gfxPipeline::m_Fade	0.7500	data	006B6C34
00715A38	gfxPipeline::m_FrameNumber	0.8750	data	006B6C40
00715A40	gfxPipeline::m_Db	0.7500	data	006B6C50
00715C70	gfxPipeline::m_BlitFrontBufferTex	0.7500	data	006B6E80
00715C78	gfxPipeline::m_CopyToFrontFunc	0.7500	data	006B6E88
00715C7C	gfxPipeline::m_FBP	0.8333	data	006B6E8C
00715C80	gfxPipeline::m_TexGeneration	0.6667	data	006B6E90
00715C84	gfxPipeline::VP	0.7500	data	006B6E94
00715C94	gfxState::sm_TexSprite	0.7500	data	006B6EA4
00715C95	gfxState::sm_TexEnable	0.7500	data	006B6EA5
00715C98	gfxState::sm_PixelMask	0.6667	data	006B6EA8
00715C9C	gfxState::sm_ColorClamp	0.5000	data	006B6EAC
00715C9D	gfxState::sm_Context	0.8333	data	006B6EAD
00715CA0	gfxState::sm_rv1_RSTATE_y	0.6667	data	006B6EB0
00715CA4	gfxState::sm_rv1_RSTATE_x	0.8333	data	006B6EB4
00715CA8	gfxState::sm_ClipEnable	0.5000	data	006B6EB8
00715CA9	gfxState::sm_AAEnable	0.6667	data	006B6EB9
00715CAB	gfxState::sm_SmoothShadeEnable	0.6667	data	006B6EBB
00715CAC	gfxState::sm_FogMode	0.5000	data	006B6EBC
00715CB0	gfxState::sm_DestAlphaEnable	0.6667	data	006B6EC0
00715CB4	gfxState::sm_DestAlphaMode	0.5000	data	006B6EC4
00715CB8	gfxState::sm_DetailPass	0.5000	data	006B6EC8
00715CBC	gfxState::sm_PRMODE	0.6667	data	006B6ECC
00715CC0	gfxState::sm_FogEnd	0.6667	data	006B6ED0
00715CC4	gfxState::sm_FogStart	0.6667	data	006B6ED4
00715CC8	gfxState::sm_Ambient	0.5000	data	006B6ED8
00622FC8	mcPowerup::sm_powerupHudTex	0.6667	data	006B6F20
00715D10	mcShadow::sm_edgemodel	0.6667	data	006B6F60
006B3580	netConfiguration::m_CombinationList	0.8000	data	006B6F80
00715D20	mcUiKeyboard::m_myArial	0.8000	data	006B73D0
00715D38	memSafeHeap::Allocator	0.7500	data	006B73E8
