001A11C0	mcGame__mcGame_void	0.3333	token	001A0980
001A5210	mcGameState__dtor_mcGameState_void	0.3333	token	001A46F8
001A7000	mcGameState__ChangedFrameMode_void	0.1429	token	001A6860
001A9590	mcLayerManager__mcLayerManager_void	0.3333	token	001A87E0
001AC770	mcMusic__mcMusic_void	0.3333	token	001AA2B0
001AE580	mcMemCard__dtor_mcMemCard_void	0.3333	token	001ABFD0
001AFCD8	mcMemCard__GetAllSavegamesOnCardFillDescriptor_int_int_mcMemCard__MainSave_const__ref	0.2500	token	001AD3D8
001BE518	mcLayerGarage__Unload_void	0.2000	token	001BACA0
001C0648	mcExplosionShockwave__kill_void	0.2500	token	001BC3A0
001D3B30	mcParticleFog__dtor_mcParticleFog_void	0.3333	token	001CF2F8
001DBF10	mcSenseOfSpeed__mcSenseOfSpeed_void	0.2500	token	001D74E8
001DC080	mcSenseOfSpeed__CreateClass_void	0.3333	token	001D7648
001E3318	mcFeInternet__GetMatchAttributeAllowedCars_int	0.3333	token	001DDE08
001E4390	mcFeInternet__RecvProfileInfoCB_void__ptr__ptr__void__ptr__void__ptr	0.2000	token	001DEB40
001FD750	netManagerThread__HandleJoinRequest_netJoinRequestMessage_const__ref__netAddress_const__ref__int	0.3333	token	001F51D0
001FE9F8	netManagerThread__SendPacketToPeer_netPacket__ref__netThreadPeer_const__ref	0.5833	token	001F6F80
00213500	mcTrainSegment__LoadStaticData_void	0.2500	token	0020AF90
00219F88	aiAmbientTrafficData__dtor_aiAmbientTrafficData_void	0.3333	token	00211528
0021F338	aiAmbientType__dtor_aiAmbientType_void	0.2500	token	00216B98
002228B0	aiAmbientClass__SetRenderStates_mcPassTypes_const	0.2209	token	00219E40
00234D58	ioMapper__Update_void_const	0.5833	token	0022B700
00246CA8	iopManager__UnloadModule_char_const__ptr__bool	0.2500	token	0023CDD8
0024AF88	mcCullableType__dtor_mcCullableType_void	0.2500	token	00241558
0024BC58	mcCityModel__dtor_mcCityModel_void	0.3333	token	00242200
0024BDF8	mcCityModel__Render_mcPassTypes	0.1939	token	00242310
00256E80	mcInstCityModel__Render_mcPassTypes	0.1272	token	0024CD28
00259938	mcLightManager__SetupGetClosestLightsFromCell_void_const	0.3333	token	0024F8E8
0025A3B8	mcLight__mcLight_datResource__ref	0.1250	token	00250A70
0025BE28	mcSkyHatClass__SetRenderStates_mcPassTypes_const	0.1483	token	00252A40
00263AE0	vehFluidTune__vehFluidTune_void	0.3333	token	0025A8E0
002678F8	vehWheel__vehWheel_unsigned_int	0.3333	token	0025E6E0
00268490	vehWheel__CalcSuspensionForce_float_bool_float	0.2803	token	0025F230
0026C718	mcCutsceneProxy__dtor_mcCutsceneProxy_void	0.3333	token	002634D8
0026CB10	mcCutSceneManager__mcCutSceneManager_void	0.3333	token	002638E8
00274400	mcHudClock__dtor_mcHudClock_void	0.7833	token	00266CB8
00279AB8	hudFlag__SharedData__SharedData_void	0.3333	token	00269978
00279D38	hudGear__hudGear_void	0.5333	token	00269C30
0027EB10	hudMap__DrawCurrentRECheckpoint_void	0.1271	token	0026DC48
00286020	hudMapLocal__hudMapLocal_void	0.3333	token	00273668
00287F20	hudMapGlobal__hudMapGlobal_void	0.3333	token	002752A8
0028BB98	hudPowerup__hudPowerup_void	0.3333	token	00278208
0028C200	hudSSTurbo__hudSSTurbo_void	0.5333	token	00278918
0028CA68	hudSSTurbo__Display_void	0.2119	token	00278DD8
0028EC38	mcMenuControllerConfigDisplay__dtor_mcMenuControllerConfigDisplay_void	0.3333	token	003537D8
00292AB0	hudRearViewMirror__hudRearViewMirror_void	0.6250	token	0027BAA8
002A6FA0	rmcLodPaged__SetModel_int_char_const__ptr__int_int	0.2500	token	00295580
002A8300	rmcLodStatic__rmcLodStatic_datResource__ref	0.2500	token	002968E8
002A9EF8	__static_initialization_and_destruction_0__002984B8	0.1667	token	002984B8
002AD228	rmcState__DoFlush_void	1.3391	token	0029B7F0
002B2CF0	__static_initialization_and_destruction_0__002A0C88	0.1111	token	002A0C88
002B90C0	rmcRenderTargetPS2__rmcRenderTargetPS2_char_const__ptr__rmcRenderTargetType_int_int_int	0.3583	token	002A6F48
002B97A8	rmcRenderTargetPS2__Bind_int_const	0.1111	token	002A7630
002B9AE8	rmcRenderTargetPS2__dtor_rmcRenderTargetPS2_void	0.3333	token	002A7930
002BA240	rmcTextureProxyPS2__Bind_int_unsigned_long	0.2222	token	002A8088
002C2E18	mcCar__mcCar_void	0.3333	token	002B0A78
002C8E48	mcCarCustom__CopyInLicenseTex_void	0.2900	token	002B5610
002CF6C0	mcCarAudio__dtor_mcCarAudio_void	0.3333	token	002BBB30
002D2A00	mcCarDamage__mcCarDamage_void	0.3333	token	002BEC00
002D7FE8	mcGyroTune__mcGyroTune_void	0.3333	token	002C3AC0
002DBF60	mcCarSim__mcCarSim_void	0.3333	token	002C6D28
002DFEA0	mcCarSimTune__mcCarSimTune_void	0.2500	token	002CA618
002E0610	mcCarSimTune__mcCarSimTune_datResource__ref	0.5000	token	002CAD20
00301908	carWindowDamage__dtor_carWindowDamage_void	0.3333	token	002E75A8
00301BB0	carWindowDamage__DrawPlanes_Matrix34_const__ref	0.2451	token	002E7808
0030EC28	mcCarModelLightGlowSet__mcCarModelLightGlowSet_void	0.3333	token	002F3AF8
003111F0	crAsyncStream__Open_char_const__ptr__int_char_const__ptr	0.1000	token	002FCBA0
00312BD8	csManager__LoadCSAnimCurveData_void	0.3393	token	002FAE20
00315AF8	mcGameRaceEditor__dtor_mcGameRaceEditor_void	0.3333	token	002FEC58
0031ECA8	camBaseCS__camBaseCS_void	0.3333	token	00306740
0031EFF0	camViewCS__camViewCS_void	0.3333	token	0055B0A0
003239A8	__static_initialization_and_destruction_0__0030A3B0	0.3333	token	0030A3B0
00338FD8	mcMenuShell__dtor_mcMenuShell_void	0.3333	token	0031FC70
0033C2E8	mcMenuShell__ContinueNoSave_void	0.0900	token	003224D0
00349F90	mcMenuCheatCodes__mcMenuCheatCodes_char_const__ptr__int	0.3333	token	0032C0A0
0034FFD0	mcRaceMgr__UpdateCheckUnplugged_void	0.3333	token	003B25C8
0035A670	mcMenuRaceOver__mcMenuRaceOver_char_const__ptr__int	0.3333	token	00335F08
0035E400	mcMenuRewardsScreen__dtor_mcMenuRewardsScreen_void	0.3333	token	00353F20
00365040	mcMenuMsgBox__dtor_mcMenuMsgBox_void	0.3333	token	0033D1C0
0036B2D8	mcNetworkFriendsList__mcNetworkFriendsList_char_const__ptr__int	0.3333	token	00340750
00373540	mcNetworkSettings__ChangeCloaking_int	0.2500	token	00346078
003776F0	mcNetworkWaiting__dtor_mcNetworkWaiting_void	0.3333	token	00349378
0037F958	mcScreenBase__dtor_mcScreenBase_void	0.3333	token	0034F5C0
00381D50	mcMenuControllerConfig__CreateWidgets_void	0.3333	token	00350B48
00382878	mcMenuControllerConfig__Poll_unsigned_int__ref__unsigned_int__ref	0.2500	token	00351A00
00383F58	mcMenuAudio__ChangeMusic_int	0.2000	token	003553A8
003842C8	mcMenuAudio__ChangeSFX_int	0.2500	token	00355678
00388A20	mcBanger__PreImpact_phImpactBase__ptr__phInst__ptr	0.3333	token	00359C78
00389F08	mcBanger__GetBrokenPartMatrix_int_const	0.3333	token	0035B2E0
0038BC30	mcBrokenBanger__mcBrokenBanger_datResource__ref	0.3333	token	0035D090
0038BEE8	mcPropClass__SetRenderStates_mcPassTypes_const	0.5754	token	0035D340
0038C570	mcPropClass__RenderAllTypes_mcPassTypes	0.5197	token	0035D968
003907D0	mcPropSoundData__mcPropSoundData_datResource__ref	0.2500	token	003617D8
003950F8	mcPropType__mcPropType_void	0.3889	token	00365A18
003A27A0	pssPlayer__Nodata_void	0.3167	token	00372430
003AA790	mcLobby__HandleListingGames_void__ptr__PEERBool_char_const__ptr___SBServer__ptr__PEERBool_int_int	0.2500	token	0037A328
003AB730	mcNetManager__dtor_mcNetManager_void	0.3333	token	0037AFE0
003AEB18	mcLobby__HandleNegotiateCompleted_int_netAddress_const__ref__void__ptr	0.2000	token	0037A850
003B4800	drwShaderFactory__ResourcePageIn_datResource__ref__rmcShader__ptr__ptr__int	0.4500	token	003830C0
003B52E8	mcSpecularMap__UnloadStaticData_void	0.2500	token	00383B60
003C03A0	drwShaderRiderVisor2Pass__DrawSkinned_rmcModel_const__ref__rmcShaderData_const__ptr__int_Matrix34_const__ptr__int_int_const	0.2500	token	0038DFD0
003C3DD0	drwShaderWheelTextureSwap__drwShaderWheelTextureSwap_datResource__ref	0.2500	token	00390B48
003C3E38	drwShaderCarWindows__drwShaderCarWindows_datResource__ref	0.2500	token	00390BB0
003C3F18	drwShaderTire__drwShaderTire_datResource__ref	0.2500	token	00390C90
003C3F80	__static_initialization_and_destruction_0__00390CF8	1.5833	token	00390CF8
003D13D8	mcPlayerData__SetNameForOffline_int	0.2500	token	0039CDD0
003E1FD8	mcRaceFlagBase__ResetCarsLocal_void	0.3333	token	003AA180
00414A20	aiBrainRace__Reset_void	0.2500	token	003D9940
00422ED8	uiCopyingString__dtor_uiCopyingString_void	0.0833	token	003E52A8
004293B0	datArgParser__Get_char_const__ptr	0.1667	token	003EB788
004294C0	datAssetManagerHier__PushFolder_char_const__ptr	0.4333	token	003EBB00
00433420	datTimeManager__Reset_void	0.2978	token	003F56F0
00433490	datTimeManager__Update_void	1.5478	token	003F5750
004486F8	sndBank__AddUser_bool	0.2870	token	0040AC40
0044B200	sndControl3d__Play_void	0.1667	token	0040D658
004501B8	sndSurfaceSoundListEntry__sndSurfaceSoundListEntry_void	0.3333	token	004127A8
00461FC8	__static_initialization_and_destruction_0__00423DB0	0.6667	token	00423DB0
004697A0	mcCreaturePopulater__UpdateCreaturePopulate_void	0.3577	token	0042B338
00481328	phBoundOctree__phBoundOctree_datResource__ref	0.2500	token	00442BA8
004845A8	phBoundOTGrid__phBoundOTGrid_datResource__ref	0.2500	token	00445E38
00496548	phBoundRoad__phBoundRoad_void	0.3167	token	00456538
00496600	phBoundRoad__dtor_phBoundRoad_void	0.5833	token	004565F0
004AB0D8	mcTkCareerStart__mcTkCareerStart_char_const__ptr__char_const__ptr	0.3333	token	00469DF0
004AD600	mcLoadingThread__ShutdownClass_void	0.3333	token	001A9A20
004AE9B8	mcCarTypeConfig__mcCarTypeConfig_void	0.3333	token	0046CF58
004C2888	mcPgFillerRaces__mcPgFillerRaces_mcPgKnowledgeBase__ref__mcPgFlow__ref	0.3333	token	0047FF38
004C7338	mcPgKnowledgeBase__WriteSaveData_mcSerializer__ref	0.6667	token	00483C48
004C89F8	mcPgKnowledgeBase__CreateOpenHookman_mc__eCity_int	0.1000	token	00484F80
004C8B20	__static_initialization_and_destruction_0__00485C10	0.3333	token	00485C10
004C9AA0	mcPgKBRace__WriteSaveData_mcSerializer__ref	0.3333	token	00485E48
004CD110	mcMenuArcade__SetupOpponentVehiclesMatchingPlayerCar_mcRaceConfig__ref__int	0.0588	token	00323D10
004D09C8	mcPgSideQuests__mcPgSideQuests_mcPgKnowledgeBase__ref__mcPgFlow__ref	0.3333	token	0048B070
004D1B20	mcPgTaskMgr__dtor_mcPgTaskMgr_void	0.3506	token	0048BFF0
004FEA88	aiObstacle__aiObstacle_datResource__ref	0.2500	token	004B78F8
0050B668	mcPlayerFactory__mcPlayerFactory_char_const__ptr__int_int_mcCarConfig_const__ptr__int	0.3333	token	004C2568
00511590	mcPlayer__dtor_mcPlayer_void	0.3333	token	004C75C8
00515208	mcPlayerCamera__dtor_mcPlayerCamera_void	0.3333	token	004CAB88
0051C588	mcTrackCS__mcTrackCS_void	0.3333	token	004D1278
00520928	mcCinematicType__mcCinematicType_void	0.3333	token	004D5168
00527C40	gfxPipeline__SetRes_int_int_int_int_bool	0.3984	token	004DEBB8
00527E40	gfxPipeline___SetRes_int_int	0.9103	token	004DEED8
0052DE58	__static_initialization_and_destruction_0__004E5448	0.2500	token	004E5448
005353C0	sockAPIinit	0.4405	token	004EBF98
00540680	vblank_and_handler	0.3250	token	004F5AC0
005538D8	mcPowerup__ShutdownStaticData_void	0.4500	token	00507E08
00561378	mcCityEnvMap__mcCityEnvMap_void	0.3333	token	00515910
0056A820	screamSystem__FileSemaphoreCmd_unsigned_int_void__ptr__int	0.3333	token	0051F2F0
0056FC70	vehWheelSound__dtor_vehWheelSound_void	0.3333	token	0052AEB8
00570638	vehWheelSound__UpdateSurfaces_Vector3_const__ref__Vector3_const__ref	0.2500	token	0052B5F8
00570C38	vehWheelSoundData__vehWheelSoundData_void	0.3333	token	0052BBB0
00580E38	mcUiGroup__dtor_mcUiGroup_void	0.3333	token	0053BA38
005827A8	mcUiKeyboard__dtor_mcUiKeyboard_void	0.2000	token	0053D220
0058A840	mcUiListMenu__CheckForMouseInput_bool__ref	0.3333	token	005440B0
005958E8	mcLightData__mcLightData_void	0.2500	token	0054DB20
00597FF0	mcShaderTexAnimation__mcShaderTexAnimation_datResource__ref	0.2661	token	0054F428
0059A620	CurveNurbs__CurveNurbs_datResource__ref	0.2500	token	00551A10
005A0A68	mcGraphNode__ComputeBoundingSphere_mcBaGraph_const__ptr	0.3333	token	00557BC0
005A1638	camAppCS__camAppCS_void	0.3333	token	00558768
005BA298	swfSCRIPTOBJECT__dtor_swfSCRIPTOBJECT_void	0.1429	token	0057CFA0
005BAEF8	phPolytree_phOctreeCell___CullSpherePolys_Vector3_const__ref__float_int__ref__unsigned_short__ptr__ref__const	0.2361	token	0057DF88
005BEA08	csActorData__dtor_csActorData_void	0.3333	token	00581158
005C3320	mcBangerLit__dtor_mcBangerLit_void	0.2000	token	00585368
005C33C8	mcBangerAnimated__dtor_mcBangerAnimated_void	0.1429	token	00585410
005C3478	mcBangerAnimatedLit__dtor_mcBangerAnimatedLit_void	0.3429	token	005854C0
005C3608	mcBangerObstacleLit__dtor_mcBangerObstacleLit_void	0.2381	token	00585650
005C3A68	_$_t13CullableClass4Z11mcPropClassZ15mcCullableClassi61520mcCullableClassOrder4	0.3056	token	00585AA0
005C4418	mcPropFixedAnimated__dtor_mcPropFixedAnimated_void	0.1429	token	00586450
005C44C8	mcPropFixedAnimatedLit__dtor_mcPropFixedAnimatedLit_void	0.3429	token	00586500
005C4670	mcPropFixedObstacleLit__dtor_mcPropFixedObstacleLit_void	0.2436	token	005866A8
005C4768	mcPropFixedAnimatedObstacle__dtor_mcPropFixedAnimatedObstacle_void	0.2019	token	005867A0
005C4850	virtual_function_thunk_delta_96_for_mcPropFixedAnimatedObstacleLit__dtor_mcPropFixedAnimatedObstacleLit_void	0.4019	token	00585B08
005C4F08	mcPropLit__dtor_mcPropLit_void	0.2500	token	00586F38
005C5058	mcPropAnimatedLit__dtor_mcPropAnimatedLit_void	0.2500	token	00587088
005C5378	mcPropAnimatedObstacleLit__dtor_mcPropAnimatedObstacleLit_void	0.2000	token	005873A8
005C54C8	mcPropCollectableLit__dtor_mcPropCollectableLit_void	0.2000	token	005874F8
005C5570	mcPropCollectableAnimated__dtor_mcPropCollectableAnimated_void	0.1429	token	005875A0
005C5620	mcPropCollectableAnimatedLit__dtor_mcPropCollectableAnimatedLit_void	0.3429	token	00587650
005C57C8	phMaterialBase__dtor_phMaterialBase_void	0.3333	token	00587808
005C7A00	mcTriggerGarage__dtor_mcTriggerGarage_void	0.3333	token	005899A0
005CABD8	uiText__TextEventData__Create_void_const	0.3333	token	0058CA50
005CB448	uiVisual__PositionEventData__Create_void_const	0.2500	token	0058D2C0
005CB600	uiText__TextIdEventData__Create_void_const	0.3333	token	0058D478
005CD1C0	mcGraph_mcCityGraphUserData___dtor_mcGraph_void	0.3333	token	0058F020
005E8360	phJoint__dtor_phJoint_void	0.2500	token	005A8538
