# NOT a layer: symbol name plus an offset, valid only if the struct did
# not change shape between the two builds. For reference, not for apply.
00615D14	rmcState::sm_DefaultStates+0x8	0.5000	interior	005D1200
00617BB8	globalNames+0x8	0.5000	interior	005D3150
00617BC4	globalNames+0x18	0.2500	interior	005D3160
00617BC8	globalNames+0x1C	0.5000	interior	005D3164
00617F24	bucketfuncs+0x14	0.5000	interior	005D3434
00619374	sndSirenSound::sm_DefaultSirenData+0x4	0.5000	interior	005D484C
006533C0	mcRaceConfig::customizationData+0x8	0.5000	interior	005D5240
0065FCA6	mcRaceConfig::customizationData+0xC	0.5000	interior	005D5244
0061B1FB	SYSFONT+0x3	0.5000	interior	005D667B
0061FA50	_isDirty+0x10	0.6667	interior	005D7E10
0062315C	NNMagicData+0x4	0.7500	interior	005DB59C
0062315D	NNMagicData+0x5	0.5000	interior	005DB59D
00623460	__CTOR_LIST__+0x4	0.5000	interior	005DBAB0
0063188C	uiText::TextEventData virtual table+0xC	0.5000	interior	005E8A34
00631D9C	uiVisual::PositionEventData virtual table+0xC	0.5000	interior	005E8F44
00631F84	uiText::TextIdEventData virtual table+0xC	0.5000	interior	005E912C
0063B028	mcAudioRaceSpeech::smCommentPlaylistStrings+0x34	0.5000	interior	005F1104
00660872	mcRaceFlagBase::smMessageHudSplash+0x1C	0.5000	interior	00611F44
006669A0	_ctype_+0x1	0.5000	interior	006157D9
0066B7E2	mcControlConfigMap::sm_MappableNames+0x4	0.5000	interior	0061C594
006237F8	PARAM_nomusic+0x4	0.3333	interior	0062A644
006386C0	PARAM_quitonload+0x4	0.5000	interior	0062A664
006145C0	g_explosionPalette+0x2	0.5000	interior	0062A712
0067F070	mcGlassPtx::m_particles+0x58E0	0.8000	interior	006303F0
0061468C	PARAM_tunefog+0x4	0.5000	interior	00645B14
00694E5C	mcSpark::sm_sparks+0x4	0.5000	interior	00645B24
0069DE6C	mcSpotlight::verts+0x8	0.5000	interior	0064EEB8
006146FC	mcSpotlight::verts+0xC	0.6667	interior	0064EEBC
0069E1FC	mcSpotlight::verts+0x10	0.5000	interior	0064EEC0
006AB547	FeGOA::s_Friends+0x1F	0.6667	interior	0065A227
006AB647	FeGOA::s_Friends+0x11F	0.6667	interior	0065A327
006AB748	FeGOA::s_Friends+0x220	0.6667	interior	0065A428
006AB74C	FeGOA::s_Friends+0x224	0.8333	interior	0065A42C
006AB750	FeGOA::s_Friends+0x228	0.5000	interior	0065A430
006AFD68	FeGOA::s_GameInvites+0x20	0.5000	interior	0065CA48
006AFE70	FeGOA::s_GameInvites+0x128	0.5000	interior	0065CB50
00614888	mcClanMgr::sm_MyClan+0xA	0.5000	interior	0065D5C2
006B08E4	mcClanMgr::sm_MyClan+0x30	0.5000	interior	0065D5E8
006584A0	mcClanMgr::sm_MyClan+0x78	0.5000	interior	0065D630
00615820	aiAmbientVehicle::sm_isect+0x10	0.5000	interior	00661180
00662B3C	aiAmbientVehicle::sm_impact+0x199C	0.5000	interior	00662B3C
006B9D80	aiAmbientVehicle::sm_smoke_rule+0x20	0.5000	interior	00663300
006B9EE8	aiAmbientVehicle::sm_chunkPos+0x8	0.5000	interior	00663468
006BB440	ioPad::PADS+0x40	0.5000	interior	00664880
0064CE0C	ioPad::PADS+0x174	0.5000	interior	006649B4
006BB57C	ioPad::PADS+0x17C	0.6667	interior	006649BC
006BB588	ioPad::PADS+0x188	0.6667	interior	006649C8
006BBB80	Matrix34::I+0x10	0.6500	interior	00665080
006BBBA4	M34_IDENTITY+0x4	0.8571	interior	006650A4
006BBBE0	Matrix44::I+0x10	0.6667	interior	006650E0
006BBBE4	Matrix44::I+0x28	0.5000	interior	006650F8
006BBC34	XAXIS+0x4	0.8333	interior	00665134
006BBC44	YAXIS+0x8	0.7500	interior	00665148
006BBC54	ZAXIS+0x4	0.6667	interior	00665154
006BE776	s_ParamHash+0x6	0.7500	interior	00666EB6
006BE8CC	mcPhysics::s_vLevelExtentsMax+0x4	0.5000	interior	00666FDC
006BE8C0	mcPhysics::s_vLevelExtentsMax+0x8	0.6667	interior	00666FE0
006BE900	mcCarPaintJob::sm_paintTypeInfo+0x50	0.5000	interior	00667080
006BEC14	mcCarModelLightGlowSet::sm_sideMarkerColorPresets+0x10	0.5000	interior	00667280
006C2E20	turboColor+0x8	0.5000	interior	00667358
006C3180	mcBanger::sm_LocalPartMatrix+0x10	0.6667	interior	00667800
700003E0	sm_mcOccluderFastCullMtx+0x40	0.6000	interior	00667A80
006D4C74	g_riderSkinColor+0x4	0.6667	interior	006784D4
006D4C84	g_riderLeatherHilightColor+0x4	0.6667	interior	006784E4
006D4CA4	g_riderVinylJacketColor+0x4	0.6667	interior	00678504
006D4CB4	g_riderVisorColor+0x4	0.7500	interior	00678514
006D4C94	g_riderChromeColor+0x4	0.5000	interior	00678524
006D4CE4	g_riderClothColor+0x4	0.6667	interior	00678544
006D4F54	aiCopMgr::sm_Offenders+0x4	0.5000	interior	006787D4
006D5C40	s_Requests+0x140	0.6667	interior	0067AE40
006D5C44	s_Requests+0x144	0.6667	interior	0067AE44
006D6D00	sndControl3d::sm_Heads+0x30	0.7500	interior	0067AF20
006D6D04	sndControl3d::sm_Heads+0x34	0.6667	interior	0067AF24
006D6D40	sndControl3d::sm_Heads+0x70	0.5000	interior	0067AF60
006D9120	mcCreatureIK::ms_oEulerMax+0x8	0.5000	interior	0067D360
006D918C	phBoundBox::UnitCorners+0x54	0.7500	interior	0067D3CC
006D938C	phBoundGeometry::sm_CG+0x4	0.5000	interior	0067D5CC
006DFBA4	phOctreeCell::smBoxMaxStack+0x4	0.7500	interior	00683DE4
006DFBAC	phOctreeCell::smBoxMaxStack+0xC	0.5000	interior	00683DEC
006DFDA0	phOctreeCell::FindCellBoxMax+0x8	0.6667	interior	00683FE0
006DFDC4	phOctreeCell::smOBB+0x4	0.6667	interior	00684004
006DFE80	phOctreeCell::smOctColors+0x8	0.5000	interior	00684080
006DFEA4	phQuadtreeCell::smBoxMaxStack+0x4	0.7500	interior	006840E4
006DFF9C	phQuadtreeCell::smBoxMaxStack+0xC	0.5000	interior	006840EC
006E00A0	phQuadtreeCell::FindCellBoxMax+0x8	0.6667	interior	006842E0
006E00C4	phQuadtreeCell::smOBB+0x4	0.6667	interior	00684304
00619B06	PARAM_notraffic+0x4	0.2500	interior	0068447C
006496AA	PARAM_nopeelout+0x4	0.5000	interior	006844BC
006580E3	mcConfig::sLocalPlayerOptions+0x272	0.5000	interior	006849C2
006E066C	mcConfig::sLocalPlayerOptions+0x274	0.7500	interior	006849C4
006E0674	mcConfig::sLocalPlayerOptions+0x27C	0.8000	interior	006849CC
0065B540	mcConfig::sLocalPlayerOptions+0x284	0.5000	interior	006849D4
006E0680	mcConfig::sLocalPlayerOptions+0x288	0.7500	interior	006849D8
006E06A8	mcConfig::sLocalPlayerOptions+0x291	0.7143	interior	006849E1
006E06DC	mcConfig::sLocalPlayerOptions+0x2C5	0.7143	interior	00684A15
006E06FB	mcConfig::sLocalPlayerOptions+0x2E4	0.5000	interior	00684A34
0065A0E4	mcConfig::sLocalPlayerOptions+0x49E	0.5000	interior	00684BEE
006E08F6	mcConfig::sLocalPlayerOptions+0x4DE	0.6667	interior	00684C2E
006E0900	mcConfig::sLocalPlayerOptions+0x4DF	0.2500	interior	00684C2F
006E6E6B	mcConfig::sLocalPlayerOptions+0x4E0	0.6667	interior	00684C30
006E09DF	mcConfig::sLocalPlayerOptions+0x5C1	0.6667	interior	00684D11
006E09F5	mcConfig::sLocalPlayerOptions+0x5D7	0.5000	interior	00684D27
006E6D8C	mcConfig::sLocalPlayerOptions+0x23E4	0.5000	interior	00686B34
006F2CB8	mcConfig::sLocalPlayerOptions+0x938C	0.7500	interior	0068DADC
006F2CBC	mcConfig::sLocalPlayerOptions+0x9390	0.6471	interior	0068DAE0
0066B8C5	PARAM_loadcustomcontrols+0x4	0.5000	interior	0068DB1C
00650B00	PARAM_car1+0x4	0.5000	interior	0068DB3C
00639F1A	PARAM_nologcareer+0x4	0.6667	interior	0068DDEC
006F4472	gfxTexHash+0x2	0.5000	interior	0068F17A
006F448C	gsmem+0x4	0.7500	interior	0068F194
006F47EC	gfxPipeline::m_CopyToFrontColor+0xC	0.6667	interior	0068F50C
00632260	PARAM_path+0x4	0.5000	interior	00690E7C
006F6110	gfxMaterial::FlatWhite+0x40	0.5000	interior	00690F10
006F616C	gfxLight::Sun+0x4C	0.5000	interior	00690F6C
0070824C	crBoneData::DefaultTransMax+0x4	0.5000	interior	006A3184
006284B0	mcGameRaceEditor::playableRace+0x14	0.3333	interior	006AFD9C
006C2D20	mcGameRaceEditor::playableRace+0x21	0.5714	interior	006AFDA9
0070F100	mcFeInternet::sm_FriendIcons+0x10	0.5000	interior	006AFFC8
0070F300	ioKeyboard::m_Keys+0xC8	0.5000	interior	006B0140
0070F46C	ioMemCard::sIconSys+0xC	0.6667	interior	006B02AC
0070F510	ioMemCard::sIconSys+0xB0	0.5000	interior	006B0350
0070F520	ioMemCard::sIconSys+0xC0	0.5000	interior	006B0360
006E0650	mcCheckpoint::sm_rmMdls+0xC	0.5000	interior	006B2C7C
0065F404	mcCheckpoint::sm_rmMdls+0x10	0.5000	interior	006B2C80
00711C14	csActor::ActorCreator+0x4	0.5000	interior	006B2C8C
00711D80	mcLobby::sm_Callbacks+0x50	0.5000	interior	006B2F80
00713E02	sndManager::sm_AgeSndStatusBuffer+0x2	0.5000	interior	006B5002
00714193	sndManager::sm_AgeSndCaps+0x3	0.5000	interior	006B5393
00618A94	mcCheckpoint::m_tuneParams+0x4	0.5000	interior	006B53B4
007141DC	mcCheckpoint::m_tuneParams+0x20	0.5000	interior	006B53D0
00714300	uiInput::defaultNavPadButtonSettings+0x10	0.5000	interior	006B5480
0071552C	fxTrack::sm_tex+0x4	0.6667	interior	006B6734
00715A50	gfxPipeline::m_Db+0x10	0.6667	interior	006B6C60
00715B80	gfxPipeline::m_Db+0x140	0.5000	interior	006B6D90
00715B90	gfxPipeline::m_Db+0x150	0.6667	interior	006B6DA0
00715BB0	gfxPipeline::m_Db+0x170	0.6667	interior	006B6DC0
