001A0DB0	Main_void	1.1429	4	001A0308
001A12D0	mcGame__InitPreCity_void	0.0227	1	001A0A78
001A2998	mcGame__Draw_void	0.2000	1	001A1F50
001A3F98	mcLoadScreenTransition__mcLoadScreenTransition_void	0.0213	1	001A3668
001A4030	mcLoadScreenTransition__FileIO_datParser__ref	1.6667	5	001A3710
001A78E0	mcGameState__DoEndMovie_void	0.5095	3	001A71A0
001A8EC0	mcLayerCity__Load_void	1.3667	5	001A80E8
001A92F8	mcLayerCity__InitPhys_void	0.3333	1	001A8578
001A9C88	mcLayerRace__Load_void	0.4989	3	001A8E30
001AA780	mcMenuMsgBoxListMenu__mcMenuMsgBoxListMenu_char_const__ptr__int	0.0227	1	0033E308
001AAB90	mcLoadingThread__MainLoop_void	0.3333	1	001A9AB0
001AC7E0	mcMusic__dtor_mcMusic_void	0.1429	1	001AA330
001AC898	mcMusic__LoadRace_void	0.1429	1	001AA438
001AD068	mcMusic__UnloadRace_void	0.1429	1	001AAC78
001AD9F0	mcMusic__GetPlayingTrack_char__ptr__int_const	0.3333	1	001AB658
001ADCA8	__static_initialization_and_destruction_0__001A0838	0.1111	1	001A0838
001ADDD8	mcMusic__FrontendStart_bool	0.6667	2	001AB950
001AE218	mcMemCard__mcMemCard_void	0.3429	2	001ABC80
001AE6E8	mcMemCard__CreateInstance_void	0.1429	1	001AC110
001AEB20	mcMemCard__ProbeCardUpdate_int__ref	0.3333	1	001AC4D8
001AEC28	mcMemCard__Format_void	0.3333	1	001AC5C8
001AEC68	mcMemCard__FormatUpdate_int__ref	1.3333	4	001AC600
001AED78	mcMemCard__UnformatUpdate_int__ref	1.0000	3	001AC710
001AEEF0	mcMemCard__MonitoringUpdate_int__ref	1.0000	3	001AC878
001AEFF8	mcMemCard__CreateSavegame_void	0.5333	2	001AC978
001AF0B0	mcMemCard__CreateSavegameUpdate_int__ref	5.0667	16	001ACA50
001AF640	mcMemCard__GetAllSavegamesOnCard_bool_bool	0.3333	1	001ACFA0
001AF6D0	mcMemCard__GetAllSavegamesOnCardUpdate_int__ref	2.0000	6	001AD020
001AFE50	mcMemCard__GetAllSavegamesOnCardLoadHelper_int__ref	0.3333	1	001AD538
001AFFE0	mcMemCard__GetFullDirectoryName_char_const__ptr__char__ptr__int	0.2000	1	001AD660
001B00B8	mcMemCard__SaveCareerData_bool_bool_bool_bool_bool	0.3333	1	001AD738
001B0190	mcMemCard__SaveCareerDataUpdate_int__ref	3.2000	10	001AD7F8
001B06A8	mcMemCard__EraseUpdate_int__ref	1.0000	3	001ADCB8
001B07C8	mcMemCard__LoadCareerData_bool	0.3333	1	001ADDD0
001B0810	mcMemCard__LoadCareerDataUpdate_int__ref	2.2000	7	001ADE10
001B0C70	mcMemCard__SaveRaceEditorData_bool_bool_bool_bool	0.3333	1	001AE0F8
001B0D00	mcMemCard__SaveRaceEditorDataUpdate_int__ref	2.5333	8	001AE178
001B10F0	mcMemCard__LoadRaceEditorData_bool	0.3333	1	001AE520
001B1138	mcMemCard__LoadRaceEditorDataUpdate_int__ref	1.3333	4	001AE560
001B21A0	mcNetManagerThreadDerived__Migrate_bool	0.0714	1	001B3498
001B2788	mcNetManagerDerived__DisplayMessage_char_const__ptr__unsigned_int_char_const__ptr	0.3333	1	001AF358
001B2918	mcNetManagerDerived__PostJoin_int	0.3333	1	001AF4E8
001B2D40	mcNetManagerDerived__PostQuit_int_unsigned_wchar_t_const__ptr__net__eQuitReason_int_int	2.6667	8	001AF8B8
001BADC8	mcReplayManager__mcReplayManager_void	0.0227	1	001B7CC8
001BAF18	mcReplayManager__OnReplayEnd_void	0.2000	1	001B7E18
001BB230	mcReplayManager__DrawReplayControls_void	1.3333	4	001B8140
001BB558	mcGamePhysicsSimulator__ImpactEffects_phImpact__ref	0.1250	1	001B83E0
001BCC98	mcAudioCityWalla__dtor_mcAudioCityWalla_void	0.3333	1	001B9698
001BD798	mcAudioCityWallaData__LoadColorMap_char_const__ptr	0.4762	2	001BA0E0
001BD868	mcAudioCityWallaData__LoadColorTable_char_const__ptr	1.3429	5	001BA1B0
001BD9F0	mcAudioCityWallaData__LoadCurveData_char_const__ptr	1.4762	5	001BA338
001BDB60	mcAudioManager__FrontendStart_void	0.1667	1	001FF1D8
001BE678	mcLayerMC3Frontend__Load_void	0.3561	2	001BADD8
001BF3F0	GetPivot_Matrix34__ref__char_const__ptr__char_const__ptr	0.2000	1	001BB1D8
001BF428	GetPivotPrefix_char_const__ptr__Matrix34__ref__char_const__ptr__char_const__ptr	0.0323	1	001BB210
001BF5E0	lightGlowCondition__setCurrentCondition_char_const__ptr__char_const__ptr	0.0323	1	002433B8
001BF7F8	mcChunkMgr__Init_void	0.3333	1	001BB5E0
001C0518	mcCarWeaponsSystem__InitClass_void	0.1111	1	002E6308
001C1168	mcExplosionFlash__init_void	0.1429	1	001BC8B8
001C1CC8	mcExplosionFireball__init_void	0.2500	1	001BD418
001C2B78	mcExplosion__initList_void	0.3333	1	001BE240
001C2DC0	mcGlassPtxManager__mcGlassPtxManager_void	0.3429	2	001BE480
001C6D78	mcDisrupter__mcDisrupter_void	0.3333	1	001C24F8
001C7D38	mcEffects__mcEffects_void	0.2000	1	001C3378
001C8B08	mcFbGlow__mcFbGlow_void	0.3333	1	001C4120
001C9170	mcFbGlow__InitCondition_char_const__ptr__char_const__ptr__char_const__ptr	0.3333	1	001C4788
001CDDA0	mcFbGlowTuneParams__FileIO_datParser__ref	3.3333	10	001C93A8
001CE158	mcTrashMgr__mcTrashMgr_void	2.1333	8	001C9760
001CE5A8	mcTrashMgr__LoadFromFile_void	2.6262	14	001C9B98
001CFDD8	mcLedMgr__mcLedMgr_void	0.3333	1	001CB3A0
001D0688	mcLed__mcLed_void	0.3333	1	001CBC50
001D2588	mcLightning__initStaticData_void	0.3333	1	001CDCF8
001D35B0	mcParticleFogTune__FileIO_datParser__ref	2.4500	8	001CED20
001D36E0	mcParticleFogTune__GetDirName_void	0.3333	1	001CEE50
001D3758	mcParticleFogMgr__CreateClass_void	0.3333	1	001CEEC8
001D63B0	mcSpark__init_void	0.3333	1	001D1B28
001D6650	mcSpotlightTuneParams__FileIO_datParser__ref	5.0000	15	001D1DC8
001D6978	mcSpotlight__initStaticData_void	0.6667	2	001D20F0
001DABF8	mcRoadReflectorSystem__LoadFromFile_void	3.4040	17	001D6230
001DBF10	mcPlayerFactory__ConstructForGarage_void	0.0213	1	004C2600
001DC8F0	mcSenseOfSpeed__FileIO_datParser__ref	1.6667	5	001D7D98
001DD8B8	mcColorFilter__CreateClass_void	0.1111	1	001D8D68
001DDBC8	mcColorFilter__FileIO_datParser__ref	1.6667	5	001D9050
001E1678	mcFeInternet__InitGOAStatsConnectionThreadFunc_void__ptr	0.3333	1	001DC5F0
001E2798	mcFeInternet__OnlineStatsStart_void	0.4167	2	001DD188
001E2918	mcFeInternet__OnlineStatsAddEntry_mcStatEntry_const__ref	0.3333	1	001DD3A8
001E3160	mcFeInternet__GetMatchAttributeHostName_int	0.3333	1	001DDC18
001E33D8	mcFeInternet__GetMatchAttributeHasPassword_int	0.2000	1	001DDE48
001E35D8	mcFeInternet__GetMatchAttributeNumPlayers_int	0.1111	1	001DE048
001E3618	mcFeInternet__GetMatchAttributeMaxPlayers_int	0.2500	1	001DE088
001E37D0	mcFeInternet__SearchForMatch_unsigned_wchar_t__ptr	0.3333	1	001DE240
001E39C8	mcFeInternet__SearchForMatch_int_mc__eCity_mc__eNetworkRaceTypes_int_int_mc__eMultiplayerTeamMode_mc__eTOD_mc__eWeather_mc__ePowerUpMode_mc__eAllowedCars_bool	4.0000	12	001DE338
001E48D0	mcFeInternet__RecvGameInviteCB_void__ptr__ptr__void__ptr__void__ptr	0.1429	1	001DEC20
001E4BD0	mcClanMgr__RecvClanStatusCB_GPRecvBuddyStatusArg_const__ptr__GPBuddyStatus_const__ref__void__ptr	0.1429	1	001E1C30
001E5008	mcFeInternet__ConnectToMatchMaker_void	0.3333	1	001DF788
001E5D40	mcLobbyDerived__HandleQRServerKey_void__ptr__int_qr2_buffer_s__ptr	0.4762	2	001E04E8
001E7ED8	sAddIntValue_char__ptr__int_char_const__ptr__int	0.2000	1	001E19E8
001E7F28	sAddStringValue_char__ptr__int_char_const__ptr__char_const__ptr	0.1667	1	001E1A38
001E8010	mcClanMgr__DeleteClan_void	0.0769	1	001E1AF0
001E8530	mcClanMgr__CreateClan_char_const__ptr__char_const__ptr	0.7436	3	001E1D60
001E8820	mcClanMgr__AcceptClanInvite_int	0.4103	2	001E2068
001E8980	mcClanMgr__RemoveMember_netGUID	0.2198	2	001E21B8
001E8BD0	mcClanMgr__PromoteMember_netGUID	0.4198	3	001E2400
001EBB78	gfxModelBase__LoadMod_char_const__ptr__char_const__ptr__int_unsigned_int_gfxShaderFactory__ptr	0.4286	3	001E5378
001EBFC0	gfxModelBase__LoadMod_datBaseTokenizer__ref__int_unsigned_int_bool_int_gfxShaderFactory__ptr	6.0199	32	001E57C0
001ED340	gfxGetModel_char_const__ptr__int_unsigned_int	0.2000	1	001E6B40
001ED7F0	gfxShaderFactory__SetParam_gfxShader__ref__char_const__ptr__char_const__ptr	0.2000	1	001E7018
001EEC50	gfxGeometry__LoadMod_datBaseTokenizer__ref__int_bool_bool_int_Vector3_const__ptr__Vector3_const__ptr__unsigned_int_const__ptr__Vector2_const__ptr__Vector2_const__ptr__int_Vector4_const__ptr__unsigned_short__ptr__ptr	0.3429	2	001E8478
001EFD90	swPtxBirth__FileIO_datParser__ref	6.0250	28	001E95B8
001F01D0	swPtxBirth__LoadFromFile_char_const__ptr	5.6917	27	001E99F8
001F0F80	swPtxPaperSystem__FileIO_datParser__ref	2.4583	8	001EA7A8
001F6638	netAddress__Format_char__ptr__bool_const	0.4500	2	001EFE38
001F8320	netHardware__LoadModules_void	0.5000	2	001F0840
001F9E20	netManagerThread__Update_void	0.3333	1	001F2838
002003A8	netProtocol__CommandToString_int	3.8667	12	001F8900
00200748	netSocket__Init_void	0.2500	1	001F8CC0
00201C40	ezNetCnfInit	0.3333	1	0053B550
00201D18	ezNetCnfExit	0.1429	1	0053B628
00201DA0	ezNetCnfGetCombinationList	0.1667	1	0053B6B0
00201E70	ezNetCnfGetCombination	0.3333	1	0053B780
00201ED8	ezNetCnfGetDefault	0.3333	1	0053B7E8
00203948	netConfiguration__Init_void	0.8095	3	0053B390
00203A08	netConfiguration__ShutdownClass_void	0.1429	1	0053B418
00203A38	netConfiguration__LoadCombinations_char_const__ptr	0.3333	1	0053B448
00203B78	mcUIProjector__mcUIProjector_void	0.6667	2	001FBAB0
00204548	mc__AllocateAudSfx_void	1.2000	4	001FC480
002048C8	mc__AudSfx__GetSfxName_void	0.0556	1	001FC800
00205090	mcAudioCurveData__FileIO_datParser__ref	0.3333	1	001FCF50
00205F30	mcAudioManager__mcAudioManager_bool	4.9929	17	001FDCD8
00206548	mcAudioManager__Start_void	0.2000	1	001FE0E8
00207190	mcAudioManager__LoadFrontend_void	0.2000	1	001FEAA0
00207298	mcAudioManager__dtor_mcAudioManager_void	0.2679	2	001FE268
00207750	mcAudioManager__GarageStart_void	0.1429	1	001FF018
00207928	mcAudioManager__FrontendEnd_void	0.1429	1	001FF338
00208498	mcAudioManager__GetAmbientBankName_void	0.3333	1	001FF8F8
00208520	mcAudioManager__GetPropBankName_void	0.3333	1	001FF958
00208B00	mcAudioPlaylist__Load_char_const__ptr	2.0000	6	001FFF90
00209148	mcAudioPlaylist__GetTuneToPlay_int_char__ptr__int_const	0.1429	1	00200878
0020A668	mcAudioEventData__LoadEventData_void	2.6667	8	00201A98
0020B018	swfCONTEXT__GetArrayVariant_char_const__ptr__int_swfVARIANT__ref	0.0769	1	00202448
0020C2F8	swfINSTANCE__GetProperty_char_const__ptr__swfVARIANT__ref	1.8667	8	00203728
0020D7F8	Sound_attachSound_swfBASE__ref__int_swfVARIANT_const__ptr__swfVARIANT__ref	0.1429	1	00204C28
0020D820	Sound_start_swfBASE__ref__int_swfVARIANT_const__ptr__swfVARIANT__ref	0.1429	1	00204C50
0020D930	Sound_swfBASE__ref__int_swfVARIANT_const__ptr__swfVARIANT__ref	0.6667	2	00204D60
0020D9E0	Color_setRGB_swfBASE__ref__int_swfVARIANT_const__ptr__swfVARIANT__ref	0.2000	1	00204E10
0020DA60	Color_swfBASE__ref__int_swfVARIANT_const__ptr__swfVARIANT__ref	0.5333	2	00204E90
0020DAD8	swfSCRIPTOBJECT__RegisterLibraries_void	0.9667	4	00204F08
0020DC18	swfINSTANCE__CallMethod_char_const__ptr__int_swfVARIANT_const__ptr__swfVARIANT__ref	1.3333	4	00205048
0020E020	swfINSTANCE__operator_new_unsigned_int	0.4444	2	00205450
0020E0B0	swfSCRIPTOBJECT__operator_new_unsigned_int	0.4444	2	002054E0
0020E140	swfSYMTAB__SYMBOL__operator_new_unsigned_int	0.4444	2	00205570
0020E850	swfVARIANT__asString_char__ptr__unsigned_int_const	0.3333	1	00205C80
0020EB68	swfSTRING__operator_new_unsigned_int	0.4444	2	00205F30
0020FCF8	swfBUTTON__ChangeState_swfINSTANCE__ref__swfOBJECT__DRAWSTATE_swfOBJECT__DRAWSTATE_const	0.3333	1	002070C0
002111E0	swfEDITTEXT__GetProperty_char_const__ptr__swfVARIANT__ref__const	0.4000	2	002085C0
00211770	swfACTIONLIST__Execute_swfBASE__ptr__char_const__ptr__const	1.7436	6	00208B40
00212F60	swfCMD_PlaceObject2ClipEvent__Update_swfINSTANCE__ref__const	0.5333	2	0020A330
00213058	swfCMD_PlaceObject2ClipEvent__UpdateStopped_swfINSTANCE__ref__const	0.2000	1	0020A428
00213100	swfCMD_DoAction__Update_swfINSTANCE__ref__const	0.3333	1	0020A4D0
00213178	swfCMD_DoInitAction__Update_swfINSTANCE__ref__const	0.3333	1	0020A548
00213950	sndImpactSound__Init_sndImpactSoundData_const__ptr__sndControlVolumeGroup_const__ptr__char_const__ptr	0.0556	1	00410620
00215F90	aiAmbientAudioObstacle__SetObstacle_aiObstacle__ptr	0.0556	1	0020DA08
0021AC58	aiAmbientTrafficData__LoadLevelTraffic_char_const__ptr	0.3333	1	00212330
0021AEE8	aiAmbientTrafficData__FileIO_datParser__ref	0.6667	2	002125C0
0021DF88	aiAmbientTraffic__Load_void	0.8095	3	00215998
0021F778	aiAmbientType__SetVehicleClass_void	1.0000	3	00216EF8
0021F9D8	aiAmbientType__LoadAndInitialization_short	3.6000	14	00217158
00221B30	aiAmbientType__GetDirName_void	0.1429	1	00219370
00221B40	aiAmbientType__GetTypeName_void	0.1429	1	00219380
00221C10	aiAmbientType__FileIO_datParser__ref	9.2000	28	00219398
0022D0C0	aiAmbientVehicle__CreateSmoke_void	2.1206	8	00224660
0022F070	mcTrainManager__LoadCityTrains_char_const__ptr	0.6444	3	0020A8F8
0022FCA0	mcTrainType__Init_char_const__ptr	0.3733	2	0020C6E0
00230D70	InitializeTokenizer_datAsciiTokenizer__ref__char_const__ptr__char_const__ptr	0.6989	3	0022A978
00230E38	mcAmbientDistrib__LoadVehicleDensity_char_const__ptr__char_const__ptr	0.4000	2	0022AA40
00231428	mcAmbientDistrib__LoadHeader_datAsciiTokenizer__ref	0.3333	1	0022B030
00232430	mcTrainBuilder__LoadTrainTypes_char_const__ptr	0.7778	3	00228108
00232780	mcTrainBuilder__LoadTrain_mcTrain__ref__datBaseTokenizer__ref	0.2000	1	002285E0
00232810	mcTrainBuilder__LoadTrainProperties_mcTrain__ref__datBaseTokenizer__ref	0.5076	3	00228670
002328C8	mcTrainBuilder__LoadTrainSegments_mcTrain__ref__datBaseTokenizer__ref	2.5833	8	00228728
002342E8	ioChat__InitClass_void	0.6667	3	0022B498
00235710	ioMemCard__Init_int	0.6667	2	0022C158
00235ED0	ioMemCard__CreateIconSys_int__ref	0.4000	2	0022C918
00236170	ioMemCard__CreateOneIconFile_char_const__ptr__int__ref	0.5333	2	0022CBB8
00236E70	ioMemCard__UpdateIsDataInited_void	0.3333	1	0022D8B8
002375A0	ioMemCard__GetFullFileName_int	0.3333	1	0022DFE8
00237668	ioMemCard__FullName_char__ptr__char_const__ptr__bool	0.3333	1	0022E0B0
002388F8	ioPad__BeginAll_void	0.3333	1	0022F078
00246350	sndVoiceStream__Preload_sndBankEntry__ptr__float_float	0.0769	1	0040F9C0
002465F0	iopManager__InitCD_void	0.3333	1	0023C748
002466E0	iopManager__InitClass_void	0.6667	2	0023C810
00246880	iopManager__LoadModule_char_const__ptr__int_char_const__ptr__char_const__ptr__bool	1.0714	4	0023C9A0
00247E78	ServerListConnect__SBServerList__ptr	0.3333	1	0023E288
0024C738	mcCityModelInfo__Load_char_const__ptr__char_const__ptr	1.5111	6	00242CD8
0024CCE8	lightGlowCondition__FileIO_datParser__ref	2.6667	8	00243288
0024CE60	mcGlow__mcGlow_void	1.4667	6	00243400
0024D600	mcGlow__Init_void	0.8403	5	00243AA8
0024D7C8	mcGlow__loadConditionSet_char_const__ptr__char_const__ptr__char_const__ptr	0.7111	4	00243C78
0024D8F8	mcGlow__FileIO_datParser__ref	14.3333	43	00243DA8
002578E8	mcCity__LoadConditions_void	0.4444	2	0024D728
00258E18	mcCity__InitGlobalLighting_char_const__ptr	1.1333	5	0024EE78
002594B0	mcLightManager__mcLightManager_void	0.5929	3	0024F510
0025BC90	mcSkyHatClass__SetupTuneData_void	0.3333	1	00252620
0025C7C8	mcSkyHatClass__FileIO_datParser__ref	3.3111	11	00253568
0025CAF0	mcStarField__FileIO_datParser__ref	0.6667	2	00253948
0025CC60	mcConditionVariables__FileIO_datParser__ref	13.5333	41	00253AC0
0025DCC8	vehChassis__MakeCollider_char_const__ptr__phInst__ptr	0.2000	1	00254AC8
0025E5B8	vehChassis__MakeAxles_char_const__ptr	0.6667	2	002553B8
0025E6F8	vehChassis__MakeSuspensions_char_const__ptr	2.6667	8	002554F8
002613B0	vehChassisTune__GetDirName_void	0.0312	1	002581B0
00262510	vehDrivetrainTune__FileIO_datParser__ref	0.8667	3	00259310
00263258	vehEngineTune__FileIO_datParser__ref	2.7333	9	0025A058
00263B70	vehFluidTune__FileIO_datParser__ref	0.4000	2	0025A970
00267788	vehTransTune__FileIO_datParser__ref	2.5333	8	0025E570
0026B0C8	vehWheelTune__FileIO_datParser__ref	7.8167	25	00261E68
0026BCB0	vehAeroTune__FileIO_datParser__ref	0.6000	3	00262A50
0026C530	vehAxleTune__FileIO_datParser__ref	0.6667	2	002632D0
0026C788	mcCutsceneProxy__FireOffGeneric_char_const__ptr	0.3333	1	00263558
0026D600	CareerHudScreen__CareerHudScreen_char_const__ptr__int	0.3333	1	00287BD0
00270418	datAssetManagerHierNew__FullPath_char__ptr__int_char_const__ptr__char_const__ptr__char_const__ptr	0.1111	1	003EC1D8
00270750	CareerHudScreen__GetEventDescriptionId_mcPgKBOpenRace__ref__char__ptr__int	1.0000	3	0028AD00
00271100	hudHud__hudHud_void	0.3333	1	00263EC0
002719D8	hudHud__InitHud_int	0.3333	1	002646A0
00272C68	hudHud__GetTuningFilePath_void	0.6667	2	00265610
00272CA8	hudHud__FileIO_datParser__ref	0.3333	1	00265650
00272DF0	hudHud__Anchor1d__FileIO_datParser__ref__char_const__ptr	1.0000	3	00265798
002740C8	hudChatBox__SharedData__SharedData_void	0.3333	1	00266990
00274218	hudChatBox__SharedData__FileIO_datParser__ref	2.0000	6	00266AD0
002744D0	mcHudClock__Init_int_hudHud__ptr__hudHud__Anchors	0.7671	4	00266D80
00274638	mcHudTimer__Display_void	0.1000	1	0027A208
00274F08	mcHudClock__SharedData__SharedData_void	0.6667	2	00267348
00275048	hudDropCounter__SharedDataNumberOfViewports__FileIO_datParser__ref	0.2159	2	00268E18
00275260	hudDamage__Init_int_hudHud__ptr__hudHud__Anchors	0.8667	3	00267690
00275DE0	hudDamage__SharedData__FileIO_datParser__ref	1.7436	6	00268210
00275EF0	hudDamage__SharedData__TextureData__FileIO_datParser__ref__char_const__ptr	1.1021	6	00268320
002760A0	hudDamage__SharedDataNumberOfViewports__FileIO_datParser__ref	0.0556	1	002684D0
002782A8	hudDropCounter__Init_int_hudHud__ptr__hudHud__Anchors	1.4242	5	002686A0
00278420	hudDropCounter__Display_void	0.2000	1	002687E8
00278E50	hudDropCounter__SharedData__SharedData_void	0.3333	1	00268CE8
00279038	hudElement__Init_int_hudHud__ptr__hudHud__Anchors_char_const__ptr	0.4103	2	00268F28
00279618	hudFlag__Init_int_hudHud__ptr__hudHud__Anchors	0.1111	1	002694E0
00279A68	hudFlag__FileIO_datParser__ref	0.3333	1	00269928
00279B78	hudFlag__SharedData__FileIO_datParser__ref	1.3333	4	00269A50
00279C30	hudFlag__SharedData__TextureData__FileIO_datParser__ref__char_const__ptr	0.4874	4	00269B28
00279EC8	hudGear__Init_int_hudHud__ptr__hudHud__Anchors	0.5333	2	00269DB8
0027A5D0	hudGear__SharedData__FileIO_datParser__ref	1.0000	3	0026A3F8
0027B5F8	hudLapCounter__Init_int_hudHud__ptr__hudHud__Anchors	0.9576	4	0026A7D8
0027B8B0	hudLapCounter__Display_void	0.4000	2	0026AA08
0027CB40	hudLapCounter__FileIO_datParser__ref	0.6667	2	0026B598
0027CBE0	hudLapCounter__SharedData__SharedData_void	0.3333	1	0026B638
0027CC78	hudLapCounter__SharedData__FileIO_datParser__ref	0.7667	4	0026B6F8
0027D150	hudMap__Init_int_hudHud__ptr__hudHud__Anchors	1.8667	6	0026BB90
00284D48	hudMap__FileIO_datParser__ref	0.2500	1	00272890
002855E0	hudMap__SharedDataAllTypes__FileIO_datParser__ref	20.0667	61	00272DC8
00285F18	hudMap__TextureDef__FileIO_datParser__ref__char_const__ptr	1.0333	4	00273560
00287AA0	hudMapLocal__SharedDataLocalMap__FileIO_datParser__ref	6.4762	22	00274E28
00287DB0	hudMapLocal__SharedDataLocalMap__TextureData__FileIO_datParser__ref__char_const__ptr	1.2164	6	00275138
002880B0	hudMapGlobal__DrawRaceInfo_void	1.2037	5	00275430
00288BD8	hudMapGlobal__SharedDataGlobalMap__FileIO_datParser__ref	1.3333	6	00276018
00289358	hudMapGlobalCareer__hudMapGlobalCareer_void	4.0000	12	00276108
0028AED8	hudNitro__Init_int_hudHud__ptr__hudHud__Anchors	0.6444	3	00277A80
0028B4C8	hudNitro__SharedData__TextureData__FileIO_datParser__ref__char_const__ptr	0.8683	4	00278070
0028BCD0	hudPowerup__Init_int_hudHud__ptr__hudHud__Anchors	0.2000	1	00278330
0028C038	hudPowerup__FileIO_datParser__ref	0.8333	3	00278750
0028C190	hudPowerup__SharedData__FileIO_datParser__ref	0.4103	2	002788A8
0028C400	hudSSTurbo__Init_int_hudHud__ptr__hudHud__Anchors	0.5873	3	00278B08
0028CF50	hudSSTurbo__SharedData__FileIO_datParser__ref	1.2373	6	00279560
0028D058	hudSSTurbo__SharedData__TextureData__FileIO_datParser__ref__char_const__ptr	1.2831	8	002796A8
0028D448	hudStreamedTextures__Init_void	0.3333	1	00279A00
0028E3D0	mcHudClock__Display_void	0.1000	1	00266EC8
0028E9D8	mcHudTimer__SharedData__FileIO_datParser__ref	1.7333	6	0027A878
0028F728	mcMenuDisconnect__PopulateMenu_void	0.2000	1	0032F878
00291BC8	hudRankDisplay__Init_int_hudHud__ptr__hudHud__Anchors	0.9576	4	0027ABA0
002928A8	hudRankDisplay__SharedData__SharedData_void	0.3333	1	0027B858
00292CF0	hudRearViewMirror__Init_int_hudHud__ptr__hudHud__Anchors	1.5333	5	0027BCE0
00293E40	hudRearViewMirror__SharedData__FileIO_datParser__ref	2.6540	10	0027CD18
00294000	hudRearViewMirror__SharedData__TextureData__FileIO_datParser__ref__char_const__ptr	1.2164	6	0027CED8
00294498	hudSpeedometer__Init_int_hudHud__ptr__hudHud__Anchors	1.6667	6	0027D370
00295160	hudSpeedometer__SharedData__SharedData_void	0.3333	2	0027E000
00295230	hudSpeedometer__SharedData__FileIO_datParser__ref	1.5531	6	0027E0D0
00295350	hudSpeedometer__SharedData__TextureData__FileIO_datParser__ref__char_const__ptr	2.5333	10	0027E1F0
00295880	hudSplashMgr__Init_int	10.0227	31	0027E760
00297658	hudSplashText__FileIO_datParser__ref	0.3333	1	002801D8
00297B78	hudSplashAnim__SplashLerp__FileIO_datParser__ref__char_const__ptr	0.8095	3	002806F8
00297FE8	hudSplashSimpleZoomInAnim__FileIO_datParser__ref__char_const__ptr	1.4429	7	00280B68
002986A8	hudSplashToTimerAnim__FileIO_datParser__ref__char_const__ptr	1.9429	8	00281100
00298AC8	hudTachometer__Init_int_hudHud__ptr__hudHud__Anchors	1.7333	6	00281450
00299730	hudTachometer__SharedData__SharedData_void	0.2000	1	00282038
002997E0	hudTachometer__SharedData__FileIO_datParser__ref	1.8095	6	002820E8
00299900	hudTachometer__SharedData__TextureData__FileIO_datParser__ref__char_const__ptr	2.5333	10	00282208
00299C98	hudZoneMeter__dtor_hudZoneMeter_void	0.4286	3	002825A0
00299E30	hudZoneMeter__Init_int_hudHud__ptr__hudHud__Anchors	1.2063	6	00282738
0029A068	hudZoneMeter__PlayZoneSfx_void	0.1984	2	00282980
0029A218	hudZoneMeter__PlayAgroSfx_void	0.1984	2	00282B30
0029A3E8	hudZoneMeter__PlayRoarSfx_void	0.1984	2	00282D00
0029AD68	hudZoneMeter__SharedData__FileIO_datParser__ref	1.0000	3	00283650
0029AE28	hudZoneMeter__SharedData__TextureData__FileIO_datParser__ref__char_const__ptr	1.9497	10	00283730
0029B3A0	mcConfig__ProcessRaceArgs_void	0.0213	1	00474D48
0029C090	hudArrow__Init_int	1.3333	4	00283B38
0029CB60	hudArrow__FileIO_datParser__ref	2.6667	8	002844E8
0029CE28	BorderBase__QuadUvs__SaveWithTokenizer_int_datAsciiTokenizer__ref	0.2000	1	0028CB48
0029CFB0	BorderBase__SaveWithTokenizer_int_datAsciiTokenizer__ref	0.3333	1	0028CCD0
0029D380	BorderSide__SaveWithTokenizer_int_datAsciiTokenizer__ref	0.2000	1	0028D0A0
0029D4A8	BorderData__SaveWithTokenizer_int_datAsciiTokenizer__ref	0.1429	1	0028D1C8
0029EDB8	BackdropItem__SaveWithTokenizer_int_datAsciiTokenizer__ref__BackDrop__ref	0.2000	1	0028EB08
0029FF88	BackdropItemText__SaveWithTokenizer_int_datAsciiTokenizer__ref__BackDrop__ref	0.3333	1	0028FCE0
002A0840	ImageList__SaveWithTokenizer_datAsciiTokenizer__ref	0.3333	1	002905C8
002A1118	StreamedImageList__SaveWithTokenizer_datAsciiTokenizer__ref	0.3333	1	00291020
002A1590	FontList__SaveWithTokenizer_datAsciiTokenizer__ref	0.3333	1	002914C0
002A1758	BackDrop__Save_void	0.2000	1	00291688
002A19D8	BackDrop__LoadFromTokenizer_datAsciiTokenizer__ref	1.3333	4	00291908
002A1E00	BackDrop__LoadItem_BackdropItem__ptr__datAsciiTokenizer__ref	4.3730	20	00291D20
002A2390	BackDrop__LoadItemText_BackdropItemText__ptr__datAsciiTokenizer__ref	3.0762	15	002922B0
002A2850	BackDrop__LoadLink_BackdropItem__ptr__datAsciiTokenizer__ref	0.4333	2	00292770
002A2A18	BackDrop__LoadChildren_BackdropItem__ptr__datAsciiTokenizer__ref	0.3333	1	00292938
002A2B58	BackDrop__LoadBorderSide_BackdropItem__ptr__datAsciiTokenizer__ref	0.6790	5	00292A78
002A2DC8	BackDrop__LoadBorderCurved_BackdropItem__ptr__datAsciiTokenizer__ref	2.8456	12	00292CE8
002A3108	BackDrop__SaveWithTokenizer_datAsciiTokenizer__ref	0.3333	1	00293028
002A5470	rmcDrawable__Load_datTokenizer__ref__rmcTypeFileParser__ptr__bool	0.3429	2	00293A90
002A56E8	rmcDrawable__LoadNewFormat_datTokenizer__ref	0.8667	3	00293D08
002A59F0	rmcDrawable__LoadFromParser_datTokenizer__ref__rmcTypeFileParser__ptr__bool	0.6667	2	00294010
002A5B88	rmcDrawable__LoadShader_rmcTypeFileCbData__ptr	0.5333	2	002941A8
002A7BA0	rmcLodGroup__Load_datTokenizer__ref	0.5333	2	00296170
002AEBD0	rmcShader__ParseWaveform_datTokenizer__ref__rmcShaderGroup_const__ref	2.2000	7	0029CFD0
002AF838	rmcShaderFactoryStandard__Create_char_const__ptr__int_char_const__ptr__ptr	0.0909	1	0029D880
002AFCC0	rmcShaderBasic__GetName_void_const	0.0909	1	0029DD08
002B0150	rmcShaderComplex__Load_char_const__ptr__rmcShaderGroup__ref	0.3333	1	0029E198
002B0388	rmcShaderComplex__Load_char_const__ptr__char_const__ptr_const__ptr__int_rmcShaderGroup__ref	0.4000	2	0029E3D0
002B06B8	rmcShaderComplex__LoadInternal_datTokenizer__ref__rmcShaderGroup__ref	13.8495	66	0029E700
002B3238	rmcShaderGroup__LookupLocal_char_const__ptr__int_const	0.2000	1	002A11D8
002B4CB8	rmcShaderTemplate__Load_datTokenizer__ref	11.1449	57	002A2C58
002B5D40	rmcTextureFactory__InitClass_void	0.2000	1	002A3CE0
002B6000	rmcTextureFactory__ParseParameters_char_const__ptr	2.0000	6	002A3FA0
002B7088	rmcTexturePS2__rmcTexturePS2_char_const__ptr	0.2000	1	002A5028
002B73F8	rmcTexturePS2__rmcTexturePS2_gfxImage__ptr	0.1111	1	002A5328
002BC098	txtFontTex__Load_char_const__ptr__bool	0.5546	3	002A9EB8
002BE210	txtStringTable__Load_char_const__ptr__txtLanguage__eLanguage_unsigned_int_bool_bool	0.3333	1	002ABF38
002BF1F8	mcArchetypeBreak__Load_char_const__ptr__phBound__ptr__char_const__ptr	0.0400	1	002ACEA0
002BF3A8	mcArchetypeBreak__LoadData_datAsciiTokenizer__ref__phBound__ptr	1.6667	5	002AD050
002C0F28	Orthonormalize_phInst__ptr	0.6667	2	002AEB88
002C2618	mcPhysics__InitStaticData_void	1.3333	4	002B0280
002C2A20	mcPhysicsSurfaceMgr__CreateInstance_void	0.2000	1	002B0680
002C55F0	mcCarCustom__mcCarCustom_char_const__ptr__char_const__ptr__bool_bool_bool_bool_bool	4.2500	13	002B2BC0
002C8E08	mcCarCustom__LicensePlateAsciiToLetter_char_const	0.1667	1	002B55D0
002CA840	mcCarCustom__LoadLicensePlateData_void	1.8095	6	002B6F28
002CAE00	mcCarCustom__StartStreaming_void	1.9262	7	002B7500
002CB5D8	mcCarCustom__FileIO_datParser__ref	2.0000	6	002B7DC0
002CB6F8	mcVinylColorPreset__GetTypeName_void	0.3333	1	002B7EC0
002CB708	mcVinylColorPreset__FileIO_datParser__ref	1.0000	3	002B7ED0
002CBE60	mcCarPaintJob__GetDirName_void	0.3333	1	002B8490
002CBE70	mcCarPaintJob__GetTypeName_void	0.3333	1	002B84A0
002CBE80	mcCarPaintJob__FileIO_datParser__ref	3.3333	10	002B84B0
002CD130	mcCarMetallicPaint__InitStaticData_void	0.4444	2	002B9680
002D85F0	mcGyroTune__FileIO_datParser__ref	11.7790	40	002C4038
002DC280	mcCarSim__MakeCollider_char_const__ptr__phInst__ptr	0.2000	1	002C6FD0
002E3F80	mcCarCamShakeTune__FileIO_datParser__ref	1.0000	3	002CE428
002E40A8	mcCarType__LoadResource_char_const__ptr__mcCarConfig_const__ptr__mcCarCustom_const__ptr__bool_bool	0.3333	1	002CE4D0
002E4560	mcCarSharedTypeMgr__RequestTypeStreamed_char_const__ptr__mcCarConfig_const__ptr__mcCarCustom_const__ptr__bool_bool	0.3333	1	002CE960
002E5058	mcRiderShaderTune__FileIO_datParser__ref	5.3333	16	002CF2D0
002E5438	mcCharacter__Init_mcCharacterData_const__ptr__mcCarSim__ptr__vehInput__ptr__vehDriverTune_const__ptr__mcCarCustom__ptr__char_const__ptr__Matrix34_const__ptr__bool	1.4400	6	002CF6C8
002EC378	mccarEngineSoundData__FileIO_datParser__ref	5.5333	17	002D57E8
002ECC08	mccarGearSoundData__FileIO_datParser__ref	3.8381	13	002D6078
002ED2A0	mcCarParticlesManager__mcCarParticlesManager_void	5.1429	16	002F5F50
002F0D08	opponentTuneStaticData__opponentTuneStaticData_void	0.3333	1	002D6378
002F0F28	opponentTuneStaticData__FileIO_datParser__ref	2.0000	6	002D6598
002F2C08	mcPowerUpType__FileIO_datParser__ref	4.0000	12	002D8250
002F2DD0	mcPowerUpTypeNitro__mcPowerUpTypeNitro_void	0.3333	1	002D8418
002F3448	mcPowerUpTypeReverseControlsSteering__mcPowerUpTypeReverseControlsSteering_void	0.3333	1	002D8A38
002F34C0	mcPowerUpTypeSwapPosition__mcPowerUpTypeSwapPosition_void	0.3333	1	002D8AB0
002F37B8	mcPowerUpTypeStealthMode__mcPowerUpTypeStealthMode_void	0.3333	1	002D8DA8
002F3950	mcPowerUpTypeDisrupter__mcPowerUpTypeDisrupter_void	0.3333	1	002D8F10
002F3A28	mcPowerUpTypeShield__mcPowerUpTypeShield_void	0.3333	1	002D8FE8
002F5B28	mcPowerUpTypeQuadDamage__mcPowerUpTypeQuadDamage_void	0.3333	1	002DAF60
002F5BD0	mcPowerUpTypeBouncy__mcPowerUpTypeBouncy_void	0.3333	1	002DAFE8
002F5DB8	mcPowerUpTypePulse__mcPowerUpTypePulse_void	0.3333	1	002DB1B0
002F6020	mcPowerUpTypeDecoy__mcPowerUpTypeDecoy_void	0.3333	1	002DB400
002F6C48	rmcCarModel__Init_char_const__ptr__rmcCarModelType_const__ptr__mcCarModelTune_const__ptr__mcCarCustom__ptr__bool_bool	1.0000	3	002DC048
002FFC40	mcCarNeonGlow__LoadStaticData_void	0.7381	3	002E3D68
00301958	aiAmbientWindowDamage__FileIO_datParser__ref	1.2500	5	00218820
00302840	rmcCarModelType__ReloadWheelShaderVars_void	1.4111	9	002E8490
003029B0	drwShaderBrakeCaliper__Load_char_const__ptr__char_const__ptr_const__ptr__int_rmcShaderGroup__ref	0.8000	4	003875A0
00302D10	rmcCarModelType__AddNamesToPartDatabase_void	2.0000	6	002E88B0
00306F68	rmcCarModelType__StartPagingParts_char_const__ptr__atBitSet__ptr	0.3333	1	002EBA68
00307DE8	mcCarSuspensionSoundData__FileIO_datParser__ref	1.3333	4	002EC858
003088E0	mccarWindNoiseData__FileIO_datParser__ref	0.2000	1	002ED348
00308E50	mccarBackFireData__FileIO_datParser__ref	1.3333	4	002EDBC0
0030C338	mcCarAeroTune__FileIO_datParser__ref	0.9333	4	002F0C20
0030C8E8	mcCarFluidTune__FileIO_datParser__ref	1.0667	4	002F11A8
0030CBD0	mcCarModEngine__FileIO_datParser__ref	2.2687	9	002F1490
0030CE38	mcCarModTrans__FileIO_datParser__ref	1.2909	5	002F16F8
0030CFD8	mcCarModBrake__FileIO_datParser__ref	0.4909	3	002F1898
0030D198	mcCarModSuspension__FileIO_datParser__ref	1.9004	7	002F1A58
0030D428	mcCarModTire__FileIO_datParser__ref	1.4242	5	002F1CE8
0030EB80	mcCarStuckTune__FileIO_datParser__ref	0.6667	2	002F3A50
0030EFA8	mcCarModelLightGlowSet__Init_rmcCarModelType__ptr__mcCarCustom__ptr	5.1333	17	002F3D80
00311740	csManager__csManager_void	4.3333	13	002F9B78
003119F8	csManager__SetResourcePath_char_const__ptr	0.1667	1	002F9FF8
00311A20	csManager__GetResourcePath_void	0.1667	1	002FA020
003124C8	csManager__Load_char_const__ptr__bool_bool	1.8667	6	002FA558
00312768	csManager__LoadCSCastFile_char_const__ptr	0.4762	2	002FA7A0
00312A00	csManager__LoadCSEventFile_char_const__ptr	1.0095	4	002FAA38
00312CF8	csManager__LoadCSAnimFrameData_void	0.1667	1	002FAC00
003141C0	csEntitySimple__csEntitySimple_csActor__ref	0.8333	3	002FD370
003148C8	csData__Load_datTokenizer__ref__csManager__ref	0.4000	2	002FDA90
00314B68	csEventGeneric__Load_datTokenizer__ref__csManager__ref	0.3333	1	002FDD40
00314BC8	csEventPlayCamAnim__Load_datTokenizer__ref__csManager__ref	0.2000	1	002FDDA0
00314CF0	csEventPlayEntityAnim__Load_datTokenizer__ref__csManager__ref	0.3429	2	002FDEC8
00314E18	csEventSetEntityPos__Load_datTokenizer__ref__csManager__ref	0.8095	3	002FDFF0
00314F78	csEventSetEntityVisibility__Load_datTokenizer__ref__csManager__ref	0.8095	3	002FE150
003150E0	csEventModifyScene__Load_datTokenizer__ref__csManager__ref	0.6667	2	002FE2B8
003151F8	csEventEmitPTX__Load_datTokenizer__ref__csManager__ref	1.4762	5	002FE3E0
003153E8	csEventPipeFadeIn__Load_datTokenizer__ref__csManager__ref	0.1429	1	002FE5D0
00315510	csEventPlayAudioStream__Load_datTokenizer__ref__csManager__ref	0.3333	1	002FE700
003155A8	csEventClipPlane__Load_datTokenizer__ref__csManager__ref	0.6667	2	002FE7A0
003156B0	csEventDepthOfFieldFX__Load_datTokenizer__ref__csManager__ref	2.3333	7	002FE8B0
00315860	mcGameRaceEditor__mcGameRaceEditor_void	0.3561	2	002FEA60
00316DF0	mcGameRaceEditor__GenerateRandomRace_void	0.3333	1	002FFA28
00317398	mcGameRaceEditor__PlaceCheckpoint_void	0.3333	1	002FFF18
00319190	mcGameRaceEditor__DrawHelpMenu_void	3.2000	10	00301950
00319890	mcGameRaceEditor__Draw_void	1.2667	5	00301DD0
0031ADD8	mcGameRaceEditor__FileIO_datParser__ref	2.0000	6	003029C8
0031B518	gfxEdgeModel__Load_datBaseTokenizer__ref	0.8102	4	00302FB0
0031D698	gfxInstModel__LoadMod_datBaseTokenizer__ref__bool_int	3.2961	24	00305130
0031EDE0	camBaseCS__GetDirName_void	0.3333	1	00306830
0031EEC0	camBaseCS__FileIO_datParser__ref	1.5429	6	00306948
0031F3A0	camViewCS__FileIO_datParser__ref	1.0000	3	0055B418
00320B38	mcFlash__Update_bool_bool_float	0.4500	2	003079C0
00320C60	mcFlash__UpdateLoading_bool	0.2000	1	00307AE8
00321220	mc3FeView__mc3FeView_void	0.3333	1	00307FE0
00321830	mc3FeView__LoadTransitionAnims_void	3.3333	10	00308468
00321D10	mc3FeView__PlaceFlashMovieInCity_void	1.8242	7	003088A8
003223A0	mc3FeView__SetCityPosition_int	2.0000	6	00308CE0
003232E8	mc3FeView__GetTuningFilePath_void	0.3333	1	00309DB8
00323318	mc3FeView__FileIO_datParser__ref	7.0000	21	00309DE8
00324448	mcGarage__InitStringArray_void	40.2612	132	0030AB50
00324D88	GetGarageCarClassName_mc__eCarClass	2.6667	8	0030B490
00324E18	mcGarage__mcGarage_void	0.6444	3	0030B520
00325A70	mcGarage__StartLoadCar_int_char_const__ptr	0.3333	1	0030BFD8
003268C8	mcGarage__SetCustomDecalLetters_void	1.6000	8	0030CE10
00326A18	mcGarage__SetCurrentPlateCharacters_void	0.3333	1	0030CF60
00326AD0	mcGarage__ChangePlateLetters_void	0.3333	1	0030D170
00327238	mcGarage__MakePaintJobColor_int_int	2.2500	11	0030D708
00328578	mcGarage__CheckForNewCarPart_void	0.4517	3	0030E368
0032A760	mcGarage__GetInstalledPartIndex_int_char_const__ptr__int	0.5816	6	0030FEE0
0032AFE8	mcGarage__DoVinylColorMagic_swfVARIANT__ref__int	0.5218	4	00310690
0032B1E8	mcGarage__InstallBodyPart_int_int_char_const__ptr__int_int_int	0.6647	5	003108C0
0032B648	mcGarage__SetLabelandDescriptionStrings_void	3.4524	13	00310D70
0032BE20	mcGarage__GetVariablesBasedOnState_int_int__ref__char__ptr__char__ptr__bool__ref	72.4429	220	00311670
0032DD70	mcCarModsTune__FileIO_datParser__ref	0.2000	1	002F2590
0032E310	mcGarage__CheckIfIShouldBuyPart_int_int_int	3.3611	14	00313240
0032E760	mcGarage__CalculateWhatShouldBeUpgraded_bool	3.4683	15	00313638
0032F0F0	mcGarage__UpdatePerformanceBars_void	4.3333	13	00314130
0032F718	mcGarage__UpdatePerformanceStats_void	5.5690	19	00314718
0032FFB8	mcGarage__SetPerformanceShopHelpStrings_void	0.6242	3	003153E8
00330780	mcGarage__SetDetailShopHelpStrings_void	0.9576	4	00316398
00330AC0	mcGarage__PerformanceShopUpdate_void	0.9324	8	00316D68
003311F8	mcGarage__AvoidArrayOverrun_void	0.4149	5	003172B8
003316C0	mcGarage__GetLevelLabelString_int	0.7244	7	003176B8
00331948	mcGarage__CancelChanges_void	0.5350	3	003178A8
00331F18	mcGarage__CancelEngineChanges_int_int	0.5714	4	00317DE8
003320E0	mcGarage__FireOffCar_void	0.1250	1	00317FB0
00332230	mcGarage__SaveCarAndExitToTopLevel_void	0.2000	1	00318070
003327D0	mcGarage__CheckMemCard_void	2.3143	11	00318470
00333158	mcGarage__CheckProfileName_void	0.6667	2	003191D0
003331E8	mcGarage__CheckShouldLoadNewCar_void	0.7262	3	00319260
00333B90	mcGarage__CheckOKtoSellOrDelete_void	0.5000	2	003199B8
00333D78	mcGarage__HandleProfileBrowsing_void	2.2590	10	00319B48
00334248	mcLocalPlayerOptions__ProcessArgs_bool	0.3333	1	0047A1F0
003346E0	mcGarage__HandleShowroomBrowsing_void	0.8443	4	0031A0F0
00334A48	ProfileAsciiToLetter_char	0.3333	1	0031A450
00334AA0	mcGarage__SetCurrentProfileCharacters_void	0.3111	2	0031A4A8
00334D50	mcGarage__GetNewProfileName_char__ptr	0.5333	2	0031A758
00334FD8	mcGarage__ResetProfileVariables_void	1.0000	3	0031A9C0
003350B8	mcGarage__DoTopLevelUnlocking_void	0.3333	1	0031AAB0
00335190	mcGarage__CheckTopLevelAtZero_void	1.2050	6	0031AB18
003353C0	mcGarage__CheckTopLevelMovie_void	3.8190	13	0031ADF8
00335CF0	mcGarage__TireDimensionsAreOK_int_int	0.2500	1	0030F1C0
003366E0	mcGarage__UpdateCameraRotate_void	0.5333	2	0031D618
00336F88	mcGarage__GetGlobalSelectionVariables_void	2.4244	12	0031DE40
00337280	mcGarage__SetPreviewingShowroomProfileVariables_char_const__ptr	0.2000	1	0031E110
00337610	mcGarage__Update_void	7.5197	31	0031E470
00338B48	mcGarage__GetTuningFilePath_void	0.1429	1	0031F810
00338B98	CamPositions__FileIO_datParser__ref	0.6667	2	0031F860
00338C98	garageSharedData__FileIO_datParser__ref	2.8667	9	0031F960
0033A5D8	mcMenuShell__ShowPauseFlash_void	0.3088	2	00321030
0033A838	mcMenuShell__Update_void	0.2199	3	00321290
0033B5D0	mcMenuShell__ActivateConfirmation_void	6.5000	20	00321CE8
0033BD80	mcMenuShell__PopulateHostQuitMenu_net__eQuitReason	1.3333	4	00322220
0033BF98	mcMenuPause__DoExitToMC3Frontend_void	0.3333	1	003343D0
0033CF90	mcRaceMenu__Update_void	0.0500	1	00324DB0
0033D1A0	mcMenuConfirm__Show_bool	0.0200	1	0032CC50
0033EC20	mcMenuArcade__GetRaceTypeName_int_int	3.4667	14	00323EF8
0033FBF0	mcRaceMenu__Show_bool	0.4588	3	00324AF0
0033FDC0	mcRaceMenu__FileIO_datParser__ref	1.3333	4	00324CC0
00341DF8	mcMenuBrain__CreateWidgets_bool_bool	20.3561	62	003267E8
00344BE8	mcMenuBrain__InitMenus_bool_bool	0.5333	2	00328C08
00347028	mcMenuDisconnect__Update_void	0.0357	1	0032F7E0
00347AF8	mcMenuBrain__VehicleMatchesFilter_mcCarConfig_const__ref__int	0.0833	1	0032B228
003488E0	mcMenuGeneral__PopulateMenu_void	2.6667	8	003306D8
00349718	mcMenuCareer__StartCareer_void	0.5333	2	0032BBE0
00349A18	mcMenuCareer__PopulateMenu_void	0.9242	4	0032BD40
0034A180	mcMenuCheatCodes__Show_bool	0.3533	2	0032C248
0034A500	mcMenuCheatCodes__GetWaffleID_char_const__ptr	0.3333	1	0032C508
0034A7F0	mcMenuCheatCodes__Update_void	0.3333	1	0032C828
0034B810	mcMenuArcade__Update_void	0.2500	1	00322DA8
0034B930	mcMenuCustom__GetPowerUpModeString_mc__ePowerUpMode	0.6667	2	0032D520
0034B950	mcMenuCustom__GetWeatherString_int	1.2500	4	0032D540
0034B9D0	mcMenuCustom__GetTODString_int	1.3333	4	0032D5A8
0034BA30	GetPedDenString_int	1.6667	5	0032D610
0034BAA0	GetTrafficDenString_int	1.6667	5	0032D680
0034BC60	mcMenuCustom__PopulateMenu_void	1.5111	6	0032D7E8
0034C798	mcMenuCustomRaceType__SelectNetworkPassword_void	0.3333	1	0032E0A0
0034CB08	mcMenuCustomRaceType__PopulateNetworkOptions_int__ref	1.3333	4	0032E410
0034CDB8	mcMenuCustomRaceType__PopulateDoStartRace_void	1.1167	4	0032E708
0034D408	mcMenuCustomRaceType__GetTeamModeString_int	1.3333	4	0032EA68
0034D478	mcMenuCustomRaceType__GetCTFModeString_int	1.0000	3	0032EAD8
0034E5C8	mcMenuDisconnect__Show_bool	0.2540	2	0032F580
0034E9B0	ciThink_void__ptr__int	0.1429	1	0056F2C0
0034F778	mcMenuEditorRaceOptions__PopulateMenu_void	0.2000	1	0032FF10
00350F68	mcMenuGenRandom__PopulateMenu_void	4.1667	13	00331188
00352528	mcMenuHud__PopulateMenu_void	3.3333	10	00331838
00353328	mcMenuIGTune__PopulateMenu_void	1.6667	5	00332180
00353990	mcMenuLanguage__PopulateMenu_void	1.7333	6	00332B10
00354010	mcMenuModeSelect__PopulateMenu_void	1.0127	7	00333140
00354650	mcMenuNet__PopulateMenu_void	0.1250	1	00333678
00355198	StoreRaceDataFromKB_RaceData__ptr__ptr__int_mc__eCity	0.0370	1	00287628
00355CF8	mcNetManagerDerived__Update_void	0.1250	1	001AEF28
003578A8	mcMenuPause__Show_bool	0.0625	1	00333998
00357DB8	mcMenuPause__DoQuitToCruise_void	0.3333	1	00333DD8
00357EC0	mcMenuPause__DoReplayMode_void	0.3333	1	00333EF0
003580D8	mcMenuPause__DoResetRace_void	0.3333	1	00334100
00358B18	mcMenuPause__PopulateTestDriveMenu_void	0.6667	2	00334748
00358C40	mcMenuPause__PopulateMenu_int	3.2691	18	00334858
00359828	mcMenuPause__DoMoveToNextRace_void	0.3333	1	00335310
0035A190	mcMenuRaceEditor__PopulateMenu_void	2.6917	10	00335AF8
0035A6F0	mcMenuRewardsScreen__Show_bool	0.0625	1	003540B8
0035AA10	mcMenuRaceOver__PopulateMenu_int	2.8643	16	00336168
0035BDD0	mcMenuRecentSlot__PopulateMenu_void	0.2000	1	00336F60
0035D8A0	mcMenuResults__ShowArcadeResults_bool	0.3576	3	003383C0
0035E270	mcMenuResults__DoCloseResults_void	0.1000	1	00339340
0035E5B8	mcRaceStateDerived__Update_void	0.1000	1	003B3A00
0035E878	mcMenuRewardsScreen__Hide_bool	0.1000	1	00354290
0035EA48	mcMenuRewardsScreen__Update_void	0.8699	7	00354438
0035EF70	mcMenuRewardsScreen__PopulateRaceReward_void	0.3333	1	00354AD8
0035F088	mcMenuRewardsScreen__PopulateTotalMoney_void	0.3333	1	00354C20
0035F1D8	mcMenuRewardsScreen__PopulateExtraAwards_void	0.6667	2	00354D60
0035F528	mcMenuRewardsScreen__LoadData_void	0.9583	4	003550C0
0035FAA8	mcMenuSaveMessage__PopulateMenu_void	1.8155	11	00339690
00361220	mcMenuStatsDisplay__PopulateMenu_void	1.6667	5	0033A118
003616A0	mcMenuStatsDisplay__ShowVehiclesStatsCB_void	0.1429	1	0033A858
00361870	mcMenuStatsDisplay__ShowRacesStatsCB_void	0.1799	2	0033A3F8
00363320	mcMenuTitleScreen__Update_void	0.7778	3	0033B890
00363A90	mcMenuVehicle__PopulateMenu_void	1.4354	7	0033BEE8
00364358	mcMenuVideo__PopulateMenu_void	0.3167	2	0033C680
00364440	mcMoviePlayer__mcMoviePlayer_void	0.6667	2	0033C768
00364658	mcMoviePlayer__dtor_mcMoviePlayer_void	0.6667	2	0033C8B8
003647A8	mcMoviePlayer__Play_char_const__ptr	1.3333	4	0033C9F0
00364A88	mcMoviePlayer__Stop_void	0.6667	2	0033CC40
003650C0	mcMenuMsgBox__CreateWidgets_void	0.6894	3	0033D228
00365820	mcRaceMenu__SetPauseMenuVariables_int	0.7500	5	00324868
00365F18	mcMenuMsgBox__SetMessageItems_unsigned_int_mcMenuMsgBox__MsgItem	0.2576	2	0033DF20
00366300	mcMenuMsgBox__FileIO_datParser__ref	0.3333	1	0033E2A0
003669E0	mcNetworkClan__Show_bool	0.2500	1	0033E660
00368538	mcNetworkClan__Update_void	0.2500	1	0033EA28
003697B0	mcNetworkClan__CreateClan_void	0.3333	1	0033F7E8
0036A198	mcNetworkFilter__PopulateMenu_void	2.3333	7	0033FBC8
0036A7D0	mcNetworkFilter__Update_void	0.6667	2	0033FF20
0036B9E0	mcNetworkFriendsList__PopulateFriendPopup_void	2.1833	8	00340B90
0036BE00	mcNetworkFriendsList__PopulateInvites_void	0.3333	1	00340F28
0036BFE8	mcNetworkFriendsList__PopulateMenu_void	1.0000	3	00341080
0036CC18	mcNetworkFriendsList__EditInvite_void	0.6667	2	00341C20
0036CE30	mcNetworkFriendsList__DoAction_void	0.3333	1	00341D58
0036D250	mcNetworkHostSelect__JoinFailed_net__eQuitReason	1.7500	7	00343E90
0036DCB0	mcNetworkHostJoin__SearchForMatchByName_void	0.3333	1	00342458
0036DF60	mcNetworkHostJoin__Username_void	0.2000	1	003425F0
0036E0E0	mcNetworkHostJoin__PopulateMenu_void	1.7778	6	00342798
0036E778	mcNetworkHostSelect__PopulateMenu_void	0.3333	1	00342D78
0036EC90	mcNetworkHostSelect__AddItem_unsigned_long_bool_unsigned_wchar_t_const__ptr__mc__eCity_mc__eNetworkRaceTypes_int_int_unsigned_int_unsigned_int_mcFeInternet__MC3NetworkQualityTypes_mc__eAllowedCars	0.5704	3	00342FB8
00370118	mcNetworkHostSelect__EnterPasswordMode_void	0.2000	1	00343D00
003704B0	mcNetworkNatNegotiation__Show_bool	0.3333	1	00344098
00370E10	mcNetworkRecentPlayers__PopulateEditPlayer_unsigned_wchar_t_const__ptr__netGUID_int	1.5167	6	00344698
00371DE8	mcNetworkSelect__PopulateMenu_void	2.0000	6	00344F10
00372530	mcNetworkSelect__Update_void	0.9167	3	003454D0
00372BD8	mcNetworkSelect__HideNetConfigMenu_void	1.2500	4	003457C8
00372F50	mcNetworkSelect__LaunchNetworkConfigurator_void	0.6667	2	00345AA0
003733A8	mcNetworkSettings__PopulateMenu_void	0.3333	1	00345DF8
00373878	mcNetworkUserName__CreateWidgets_void	0.3333	1	003462A0
003741D0	mcNetworkUserName__DnasAuthenticationFailed_void	0.6667	2	00346860
00374AA0	mcNetworkUserName__ToggleKeyboardForInput_void	1.0667	4	00346F90
00375590	mcNetworkUserName__PopulateLoadingConfig_void	1.4762	5	00347A00
003757D0	mcNetworkUserName__RequestPassword_void	0.3333	1	00347B80
00375858	mcNetworkUserName__PopulateFetchingNews_void	0.1429	1	00347D18
00375978	mcNetworkUserName__PopulateDnasEula_void	0.3333	1	00347DE8
00375CC8	mcNetworkUserName__PopulateMenu_void	1.8667	6	003481D8
003772C0	mcNetworkWaiting__mcNetworkWaiting_char_const__ptr__int	3.3333	10	00348F50
003778F8	mcNetworkWaiting__CreateWidgets_void	1.0227	4	00349588
003780B0	mcNetworkWaiting__Show_bool	2.2000	7	00349D78
00379100	mcNetworkWaiting__PopulateMenu_void	0.9167	3	0034AAF0
00379718	mcNetworkWaiting__StartCountdown_void	0.3333	1	0034AEE8
003797A8	mcNetworkWaiting__StopCountdown_void	0.3333	1	0034AF48
00379990	mcNetworkWaiting__DisplayHostLostMessage_net__eQuitReason	3.0000	9	0034B050
00379F98	mcNetworkWaiting__UpdateRaceConfig_void	1.8704	7	0034B4F0
0037B218	mcNetworkWaiting__FileIO_datParser__ref	4.6667	14	0034BD68
0037B420	mcNetworkWaitingCountdown__mcNetworkWaitingCountdown_void	2.0000	6	0034BF70
0037C090	mcNetworkWaitingCountdown__FileIO_datParser__ref	2.3333	7	0034CB18
0037CD70	mcChatListMenu__FileIO_datParser__ref	0.3333	1	0034D718
0037D048	mcLobbyKeyboard__CreateWidgets_void	1.0227	4	0034D9A8
0037D3A0	mcLobbyKeyboard__StandardEventHandler_atPtr_uiWidget_const__ref__unsigned_int_atPtr_uiWidget__EventData_const_const__ref	0.5833	2	0034DED0
0037E070	mcSaveGameSelect__mcSaveGameSelect_char_const__ptr__int	0.3333	1	0034E290
0037E528	mcSaveGameSelect__RequestKeyboardForNewSavegame_void	0.2000	1	0034E588
0037E5F0	mcFeMemCard__UpdateSavegameItemsUpdate_void	0.4206	3	00530C30
0037EC18	mcSaveGameSelect__Update_void	0.2500	2	0034EB88
003810F0	mcScreenBase__FileIO_datParser__ref	3.2917	12	00350238
00381568	TextAnimConfig__FileIO_datParser__ref__char_const__ptr	0.6667	2	00350540
00382018	mcMenuControllerConfig__StandardEventHandler_atPtr_uiWidget_const__ref__unsigned_int_atPtr_uiWidget__EventData_const_const__ref	0.6667	2	00351140
00382528	mcMenuControllerConfig__Show_void	0.2700	2	00350E78
00383190	mcMenuControllerConfig__PopulateList_void	0.6667	2	003521E8
003843E0	mcMenuAudio__PopulateMenu_void	2.6667	8	00355738
003849F8	GenerateAuthA	0.3333	1	00355CB0
00384AE8	mcFeInternet__Init_void	0.2500	1	001DBE78
00385210	NewPlayerA	0.6667	2	003564A8
003861A8	ProcessPlayerAuth	0.6667	2	00357440
00386270	ProcessGetPid	0.3333	1	00357508
00386310	ProcessGetData	0.7436	3	003575A8
00386430	ProcessSetData	0.3333	1	003576C8
00386508	ProcessStatement	1.3333	4	003577A0
00386AF8	TeamOpInt	0.1429	1	00357D90
00387568	DumpMap	0.7000	3	00358800
00391E10	mcPropManager__Load_void	0.6667	2	00362EE8
00393A00	mcPropManagerRaceData__InitRaceProp_int_char_const__ptr__Matrix34_const__ref	0.5833	2	003648C8
003948E8	mcPropAnimTypeData__LoadAnimationData_mcPropAnimTypeData__ptr__ref__char_const__ptr	0.5333	2	00365420
003949D8	mcPropAnimTypeData__LoadAnimationData_datTokenizer__ref	1.2667	5	00365510
00395460	mcPropType__LoadTypeData_char_const__ptr__char_const__ptr	11.0742	40	00365D40
00396770	mcPropType__LoadTuneData_void	3.8667	12	00366FA8
00396B38	mcPropType__LoadSoundData_mcPropSoundData__ptr__datTokenizer__ref__int	1.6381	8	00367370
00397F18	mcPropCollectable__BreakApart_phImpact__ptr__phInstBreakable__ptr__ptr__int__ptr__phInst__ptr__ptr__phImpactData__ptr__phBreakData_const__ref	0.3333	1	003685C0
003984C0	__coreRawOpenFile_char_const__ptr__bool	0.2714	2	00368A70
00398920	coreRawDeleteFile_char_const__ptr	0.4048	2	00368FF8
00398A60	ipcCreateSemaEx_bool_int	0.3333	1	00369138
00398FE8	FinalQuitf_char_const__ptr___varargs	0.3333	1	003696C0
00399098	Stream__AllocStream_char_const__ptr__int_coreFileMethods_const__ptr	0.3333	1	00369770
00399A70	Stream__PreLoad_Stream__ptr	0.3333	1	0036A1B0
00399BE0	qr2_init_socketA	0.3333	1	0036A320
0039A130	qr2_check_send_heartbeat	0.3333	1	0036A870
0039A4E8	get_sockaddrin__0036AC28	0.3333	1	0036AC28
0039A9B0	handle_public_address	0.3333	1	0036B0D8
0039AA48	qr_build_partial_query_reply	0.1429	1	0036B170
0039B078	qr_process_old_query	0.3333	1	0036B7A0
0039B5D0	send_heartbeat	2.3333	7	0036BCF8
0039ED50	mcOccluderSystem__LoadExternalGeomDataset_char_const__ptr__char_const__ptr__int__ptr__mcOccluderPolyhedron__ptr__ptr__int__ptr__mcOccluderPoly__ptr__ptr	0.5333	2	0036EEE0
0039EE40	mcOccluderSystem__LoadDataset_char_const__ptr__char_const__ptr	0.5333	2	0036EFD0
0039F218	mcOccluderSystem__LoadPolys_datAsciiTokenizer__ref__int__ptr__mcOccluderPoly__ptr__ptr	0.2526	2	0036F3A0
0039F358	mcOccluderSystem__LoadGeoms_datAsciiTokenizer__ref__int__ptr__mcOccluderPolyhedron__ptr__ptr	1.8769	8	0036F4E0
0039F6F8	mcOccluderSystem__LoadHeader_datAsciiTokenizer__ref__int__ptr__mcOccluderPolyhedron__ptr__ptr__int__ptr__mcOccluderPoly__ptr__ptr	0.7193	3	0036F880
003A1448	pssPlayer__InitAudio_void	0.4000	2	00371568
003A1C80	pssPlayer__ShutdownAudio_void	0.2000	1	00371BE8
003A2E00	phConfig__SetBoundFolderName_char_const__ptr	0.0400	1	00372A40
003A3190	phMaterial__FindType_datAsciiTokenizer__ref	0.1053	2	00372DD0
003A3410	phMaterial__LoadData_datAsciiTokenizer__ref	0.6667	2	00373050
003A3488	phMaterial__Save_datAsciiTokenizer__ref	0.3333	1	003730C8
003A35A0	phMaterial__SaveData_datAsciiTokenizer__ref	0.6667	2	003731E0
003A3860	phMaterialSnd__LoadData_datAsciiTokenizer__ref	0.6667	2	003734A0
003A3970	phMaterialSnd__SaveData_datAsciiTokenizer__ref	0.6667	2	003735B0
003A9280	phSurface__SaveData_datAsciiTokenizer__ref	2.3333	7	00378E88
003A9E50	GOAGetUniqueID_Internal_void	0.3333	1	00379A18
003A9F40	mcLobby__Init_char_const__ptr__char_const__ptr__char_const__ptr__char_const__ptr__char_const__ptr	1.0611	5	00379B08
003AABB8	mcLobby__HandlePlayerMessage_void__ptr__char_const__ptr__char_const__ptr__MessageType	0.3333	1	0037A690
003AAC40	mcLobby__HandleGameStarted_void__ptr___SBServer__ptr__char_const__ptr	0.3333	1	0037A718
003AB0C0	mcLobby__StartListingGames_char_const__ptr	0.3333	1	0037AB90
003AF620	mcNetProtocol__CommandToString_int	12.2667	38	0037DF58
003B02B0	HeapAssert_void__ptr__int_char__ptr__int	0.6667	2	0037EBC0
003B0C60	memMemoryAllocator__SanityCheck_void	1.0000	3	0037F570
003B1940	drwShaderModel__PreLoadBonetags_char_const__ptr__rmcTypeFileParser__ptr	0.3333	1	003803C0
003B1B28	drwShaderModel__Load_datTokenizer__ref__rmcTypeFileParser__ptr__bool	0.3733	2	003805A8
003B2F80	mcGfx__Init_void	0.4242	2	003818A8
003B34C0	mcGfx__LoadShaderTemplates_void	1.7762	8	00381DE0
003B3638	mcModelFactory__Create_char_const__ptr__int	0.3333	1	00381FB0
003B3850	drwShaderFactory__Create_char_const__ptr__int_char_const__ptr__ptr	20.7004	65	00382180
003B5268	mcSpecularMap__InitStaticData_void	0.3111	2	00383AB8
003B5340	mcSpecularMap__Init_void	0.3333	1	00383BF8
003B5750	mcTextureFactory__mcTextureFactory_void	7.6762	26	00384008
003B59E0	mcTextureFactory__dtor_mcTextureFactory_void	2.3397	11	003842F0
003B5CA0	mcTextureFactory__Create_char_const__ptr	1.8413	8	00384668
003B5E78	mcTextureFactory__SetCurrentDecalTex_rmcTexture__ptr	0.1429	1	00384840
003B5ED8	mcTextureFactory__SetCurrentLogoTex_rmcTexture__ptr	0.1111	1	003848A0
003B5F38	mcTextureFactory__SetCurrentLicenseTex_rmcTexture__ptr	0.1429	1	00384900
003B61A8	drwShaderHood__Load_char_const__ptr__char_const__ptr_const__ptr__int_rmcShaderGroup__ref	0.6762	3	00384B58
003B6368	drwShaderTaillightCasing__Load_char_const__ptr__char_const__ptr_const__ptr__int_rmcShaderGroup__ref	0.9671	5	00384D18
003B67E0	drwShaderCarPaint__Load_char_const__ptr__char_const__ptr_const__ptr__int_rmcShaderGroup__ref	0.8000	4	00385110
003B71B0	drwShaderColoredGlass__Load_char_const__ptr__char_const__ptr_const__ptr__int_rmcShaderGroup__ref	1.2909	5	00385868
003B7870	drwShaderCarWindows__Load_char_const__ptr__char_const__ptr_const__ptr__int_rmcShaderGroup__ref	3.1429	10	00385FF0
003B8320	drwShaderCarbonFiber__Load_char_const__ptr__char_const__ptr_const__ptr__int_rmcShaderGroup__ref	0.4734	4	003866E0
003B8AE8	drwShaderAmbientBody__Load_char_const__ptr__char_const__ptr_const__ptr__int_rmcShaderGroup__ref	0.8000	4	00386CA0
003B8E18	drwShaderNeonShadow__Load_char_const__ptr__char_const__ptr_const__ptr__int_rmcShaderGroup__ref	1.7381	6	00386FD0
003BAAD0	drwShaderCarDecalMulti__Load_char_const__ptr__char_const__ptr_const__ptr__int_rmcShaderGroup__ref	2.3111	8	003889B0
003BB468	drwShaderAntiAliasedTrim__Load_char_const__ptr__char_const__ptr_const__ptr__int_rmcShaderGroup__ref	1.5159	6	003894A0
003BBA20	drwShaderAntiAliasedChrome__Load_char_const__ptr__char_const__ptr_const__ptr__int_rmcShaderGroup__ref	0.5159	5	00389B48
003BBFF8	drwShaderChrome__Load_char_const__ptr__char_const__ptr_const__ptr__int_rmcShaderGroup__ref	0.8444	6	0038A200
003BC6C0	drwShaderExhaustChrome__Load_char_const__ptr__char_const__ptr_const__ptr__int_rmcShaderGroup__ref	1.3333	4	0038A898
003BD308	drwShaderWheelTextureSwap__Load_char_const__ptr__char_const__ptr_const__ptr__int_rmcShaderGroup__ref	0.3333	1	0038B560
003BD3E0	drwShaderWheelTextureSwap__LoadTextures_char_const__ptr	1.0000	3	0038B638
003BE930	drwShaderTire__Load_char_const__ptr__char_const__ptr_const__ptr__int_rmcShaderGroup__ref	0.7778	3	0038CBE8
003BEAD8	drwShaderTire__InitLocals_rmcShaderGroup__ref	0.3333	1	0038CD90
003BFDD0	drwShaderRiderClothDetailMapShirt__Load_char_const__ptr__char_const__ptr_const__ptr__int_rmcShaderGroup__ref	0.5333	2	0038DA00
003C0938	drwShaderTaillight__Load_char_const__ptr__char_const__ptr_const__ptr__int_rmcShaderGroup__ref	0.3333	1	0038E3F0
003C0F58	drwShaderReverselight__Load_char_const__ptr__char_const__ptr_const__ptr__int_rmcShaderGroup__ref	0.3333	1	0038E7B8
003C1570	drwShaderBrakelight__Load_char_const__ptr__char_const__ptr_const__ptr__int_rmcShaderGroup__ref	0.6667	2	0038EAF0
003C1DE0	drwShaderThirdBrakelight__Load_char_const__ptr__char_const__ptr_const__ptr__int_rmcShaderGroup__ref	0.3333	1	0038EF50
003C21B8	drwShaderHeadlight__Load_char_const__ptr__char_const__ptr_const__ptr__int_rmcShaderGroup__ref	0.2000	1	0038F368
003C29D8	drwShaderCoplight1__Load_char_const__ptr__char_const__ptr_const__ptr__int_rmcShaderGroup__ref	0.3333	1	0038F758
003C2E80	drwShaderCoplight2__Load_char_const__ptr__char_const__ptr_const__ptr__int_rmcShaderGroup__ref	0.3333	1	0038FB38
003C3230	drwShaderCoplightbar__Load_char_const__ptr__char_const__ptr_const__ptr__int_rmcShaderGroup__ref	0.6667	2	0038FF18
003C7438	mcModelGeom__Load_mshMesh__ref__bool_char_const__ptr	0.7576	3	00394128
003C9680	ThrowBadAlloc_void	0.3333	1	00396228
003C97A8	mcCheckpoint__InitStaticData_void	3.3333	10	00396348
003CDC58	mcCheckpointTuneParams__GetDirName_void	0.3333	1	0039A318
003CDC78	mcCheckpointTuneParams__FileIO_datParser__ref	4.2667	14	0039A338
003CFD40	mcRaceFlagBase__ShowSplash_void	0.2917	2	003ABEF8
003D02A8	mcRaceTag__LoadRaceSpecificParams_datAsciiTokenizer__ref	0.3333	1	0039BD38
003D0510	mcRaceAmbient__Load_datAsciiTokenizer__ref	0.6667	2	0039BFA0
003D0540	mcRaceAmbient__Load_datAsciiTokenizer__ref__char_const__ptr__char_const__ptr	0.0909	1	0039BFD0
003D0708	mcRaceAmbient__LoadProperties_datAsciiTokenizer__ref	1.0909	4	0039C138
003D08B8	mcRaceAmbient__LoadPathNodes_datAsciiTokenizer__ref	0.6667	2	0039C2B8
003D0F88	mcRaceAmbient__FindMotionPathType_datAsciiTokenizer__ref	1.0000	3	0039C988
003D1288	aiOpponentStart__LoadPreRacePath_datAsciiTokenizer__ref	0.3333	1	0039CC80
003D13D8	mcPlayerData__SetNameForOffline_int	0.1667	1	0039CDD0
003D1840	aiRaceShortcut__LoadShortcut_datAsciiTokenizer__ref	1.0000	3	0039D260
003D1F00	mcRaceBase__mcRaceBase_mc__eRaceType	0.3561	2	0039D6A0
003D2D40	mcRaceBase__PostLevelLoad_void	0.3333	1	0039E2F8
003D3738	mcRaceBase__Load_char_const__ptr__char_const__ptr__mcRaceBase__ptr	0.0909	1	0039E8E8
003D4A20	mcRaceBase__Load_datAsciiTokenizer__ref__mcRaceBase__ptr	12.7354	42	0039F168
003D5A30	mcRaceBase__LoadResetPosition_void	0.4444	2	0039FD80
003D5CD8	mcRaceBase__LoadWeather_datAsciiTokenizer__ref	0.6020	4	003A0028
003D5E88	mcRaceBase__LoadCheckpoints_datAsciiTokenizer__ref	1.3429	5	003A01D8
003D6290	mcRaceBase__LoadRaceBangers_datAsciiTokenizer__ref	0.3333	1	003A05F0
003D6ED8	mcRaceBase__LoadOpponents_datAsciiTokenizer__ref	7.9833	25	003A1130
003D7960	mcRaceBase__LoadOpponentCarAiInfo_int_datAsciiTokenizer__ref	3.3333	10	003A1A80
003D7B80	mcRaceBase__LoadOpponentPersonality_int_datAsciiTokenizer__ref	4.2000	13	003A1C98
003D7F88	mcRaceBase__LoadPathFindingShortcuts_datAsciiTokenizer__ref	0.4000	2	003A2098
003D8820	mcRaceBase__LoadAmbientRoadOverride_datAsciiTokenizer__ref	0.3333	1	003A28B8
003D89F0	mcRaceBase__LoadClosedRoads_datAsciiTokenizer__ref	0.3333	1	003A2AB8
003D8D18	mcRaceBase__LoadRaceStartCS_datAsciiTokenizer__ref	0.6667	2	003A2CD0
003D9050	mcRaceBase__LoadPreRaceCam_mcPreRaceCam__ref__datAsciiTokenizer__ref	1.0909	4	003A31D8
003D9428	mcRaceBase__LoadSounds_datAsciiTokenizer__ref	0.3429	2	003A33E0
003D97D8	mcRaceBase__LoadRoadblockCops_datAsciiTokenizer__ref	2.0000	6	003A3790
003D9950	mcRaceBase__AllocateRoadblockCops_void	1.8667	6	003A38E8
003DAF10	mcRaceBase__DrawOpponentIcons_int	0.2000	1	003A4F90
003DE5E8	mcRaceBase__GetDirName_void	0.1429	1	003A7838
003DFAB8	mcRaceBase__LoadArcadeCruiseRace_char_const__ptr	0.6909	4	003A8420
003E3F38	mcRaceFlagBase__DisplayMessage_int_int_mc__eTeamColor	0.6667	2	003AC1C8
003E53E8	mcRaceHookmen__mcRaceHookmen_void	0.3333	1	003AD540
003E5B98	mcRaceHookmen__Update_void	0.1250	1	003ADC98
003E6120	mcRaceHookmen__EndOneShotRace_bool_bool	0.3333	1	003AE230
003E69D0	mcRaceHookmen__AnnounceRace_mcPgKBRace__ref	1.0000	3	003AEA68
003E79A0	CareerHudScreen__OnWarpToRace_void	0.1250	1	0028AAD8
003E7D90	mcRaceHookmen__PlayerFinishedRaceToRaceStart_unsigned_short_bool	0.6667	2	003AFB40
003E8DE8	mcRaceHookmen__DrawCheckpointTextLabels_int_const	0.1799	2	003B0F00
003E9A68	mcRaceHookmen__FileIO_datParser__ref	3.6667	11	003B1308
003EE7B0	mcRaceStateDerived__EnterStateRaceOver_void	0.4048	2	003B54E8
003EE940	mcRaceTrain__Load_datAsciiTokenizer__ref	0.4242	2	003B56B0
003F0378	mcTriggerGarage__SetTriggerActive_bool_float	0.3333	1	003B6F90
003F1D10	mcRaceAutocross__Load_char_const__ptr__char_const__ptr__mcRaceBase__ptr	0.4242	2	003B8720
003F4D60	mcRaceCheckpoint__PlayerFinished_int	2.7500	9	003BABA0
003F6BD8	mcRaceHookmenDDPMediator__mcRaceHookmenDDPMediator_void	0.3333	1	003BC3F0
003F6CF8	mcRaceCheckpointDDPMediator__mcRaceCheckpointDDPMediator_void	0.2000	1	003BC4D0
003F70F8	mcRaceAutocrossDDPMediator__mcRaceAutocrossDDPMediator_void	0.3333	1	003BC780
003F85B0	mcRaceFrenzy__LoadRaceSpecificParams_datAsciiTokenizer__ref	1.3333	4	003BD958
003FE820	mcHeliRace__Load_datAsciiTokenizer__ref	0.6667	2	003C1D60
003FE848	mcHeliRace__LoadProperties_datAsciiTokenizer__ref	0.4242	2	003C1D88
003FE910	aiCopHeli__aiCopHeli_void	1.3429	5	003C1E50
003FEB48	aiCopHeli__dtor_aiCopHeli_void	0.2000	1	003C2088
00404988	aiOpponent__GetDirName_void	0.3333	1	003C7D10
00404998	aiOpponent__GetTypeName_void	0.3333	1	003C7D20
004049A8	aiOpponent__FileIO_datParser__ref	2.0000	6	003C7D30
004080A0	aiPathGraph__Load_datAsciiTokenizer__ref__mcRaceBase__ptr	1.5333	5	003CA6F8
004162A0	aiOpponentFactory__Construct_void	0.2213	2	003DADD0
0041D9A0	uiBase__uiBase_char_const__ptr	0.8667	3	003DFDA0
0041F5D0	uiGroupBase__uiGroupBase_char_const__ptr__int_atDerivedPtr_uiMaster_atPtr_uiWidget_const__ref	0.3333	1	003E19B0
0041FC28	uiImageBase__BuildFullFileName_char__ptr__int_char_const__ptr__char_const__ptr	0.3333	1	003E2008
00420878	uiImage__FileIO_datParser__ref	0.6667	2	003E2C48
00424260	uiTable__FileIO_datParser__ref	2.1000	8	003E6630
00424B20	uiText__FileIO_datParser__ref	2.7333	9	003E6EF0
004257B8	uiVisual__FileIO_datParser__ref	0.3667	2	003E7B88
00425D48	uiVisualWithBlendColor__FileIO_datParser__ref	0.3333	1	003E8118
004289A8	uiWidget__GetUniqueName_void_const	0.3333	1	003EAD78
0042F150	__ultoa	0.1429	1	003F14F0
0042F558	__output	0.6762	3	003F18F8
004303E8	datReplay__BeginRecord_datMemStream__ptr	0.3333	1	003F26E8
004352D8	datAsciiTokenizer__Put_Vector2_const__ref	0.3333	1	003F74A8
00435360	datAsciiTokenizer__Put_Vector3_const__ref	0.3333	1	003F7530
00435400	datAsciiTokenizer__Put_Vector4_const__ref	0.3333	1	003F75D0
00436300	gpSetCallback	0.3333	1	003F83F0
00436358	gpConnectA	0.1429	1	003F8448
004366C0	gpGetInfo	0.1984	2	003F87B0
004367B0	gpSendBuddyRequestA	1.4718	7	003F88A0
00436A60	gpGetBuddyStatus	0.6667	2	003F8B50
00436BD8	gpSetStatusA	1.6718	8	003F8CC8
00436EB0	gpSetInvitableGames	1.4718	7	003F8F28
00437040	gpInvitePlayerA	0.9829	7	003F90B8
004374E8	gpiProcessConnectionManager_void__ptr__ptr	0.3333	1	003F9560
00437990	gpiSendAuthBuddyRequest_void__ptr__ptr__GPIProfile__ptr	0.8607	5	003F9A08
00437A68	gpiProcessRecvBuddyMessage_void__ptr__ptr__char_const__ptr	0.8957	5	003F9AE0
00438108	gpiSendServerBuddyMessage_void__ptr__ptr__int_int_char_const__ptr	0.1940	3	003FA180
00438318	gpiAuthBuddyRequest_void__ptr__ptr__int	0.2000	1	003FA390
00438418	gpiDeleteBuddy_void__ptr__ptr__int	1.2829	6	003FA490
004385B8	gpiAppendCharToBuffer_void__ptr__ptr__GPIBuffer__ptr__char	0.0270	1	003FA630
00438668	gpiGetInfo_void__ptr__ptr__int__GPEnum__GPEnum_void__ptr__void__ptr__ptr__void__ptr__void__ptr__void__ptr	0.0270	1	003FE190
00438810	gpiSendData_void__ptr__ptr__int_char_const__ptr__int__GPIBool__ptr__int__ptr__char__ptr	0.3333	1	003FA888
00438B30	gpiRecvToBuffer_void__ptr__ptr__int_GPIBuffer__ptr__int__ptr___GPIBool__ptr__char__ptr	0.3604	2	003FABA8
00438E60	gpiReadMessageFromBuffer_void__ptr__ptr__GPIBuffer__ptr__char__ptr__ptr__int__ptr__int__ptr	0.3111	2	003FAED0
00439538	randomString_char__ptr__int	0.3333	1	003FB5A8
004395D0	gpiStartConnect_void__ptr__ptr__GPIOperation_s__ptr	2.0952	8	003FB640
00439840	gpiConnect__FPPvPCcN617_GPEnum8_GPIBoolT8PFPPvPvPv_vPv	0.6937	3	003FB898
00439AA0	gpiSendLogin_void__ptr__ptr__GPIConnectData__ptr	3.7707	18	003FBAF8
00439E40	gpiSendNewuser_void__ptr__ptr__GPIConnectData__ptr	1.7588	11	003FBE98
0043A118	gpiProcessConnect_void__ptr__ptr__GPIOperation_s__ptr__char_const__ptr	3.6253	18	003FC170
0043A6C8	gpiCheckConnect_void__ptr__ptr	0.3333	1	003FC720
0043A860	gpiDisconnect_void__ptr__ptr___GPIBool	0.3636	2	003FC8B8
0043AF10	gpiAddLocalInfo_void__ptr__ptr__GPIBuffer__ptr	0.6970	3	003FD5F0
0043B0B0	gpiSetInfoi_void__ptr__ptr___GPEnum_int	4.9917	20	003FD790
0043B478	gpiSetInfos_void__ptr__ptr___GPEnum_char_const__ptr	5.0066	24	003FDB58
0043B9E0	gpiSendGetInfo_void__ptr__ptr__int_int	0.4303	3	003FE0C0
0043C300	gpiProcessOperation_void__ptr__ptr__GPIOperation_s__ptr__char_const__ptr	0.3333	1	003FEB48
0043C3C0	gpiProcessPeerInitiatingConnection_void__ptr__ptr__GPIPeer_s__ptr	1.7961	10	003FEC08
0043C700	gpiProcessPeerAcceptingConnection_void__ptr__ptr__GPIPeer_s__ptr	1.2628	8	003FEF48
0043CD78	gpiRemovePeer_void__ptr__ptr__GPIPeer_s__ptr	0.3333	1	003FF5C0
0043D1C0	gpiPeerStartConnect_void__ptr__ptr__GPIPeer_s__ptr	0.6286	4	003FFA08
0043D4B0	gpiPeerStartTransferMessage_void__ptr__ptr__GPIPeer_s__ptr__int_GPITransferID_s__ptr	0.3333	1	003FFCE0
0043D510	gpiPeerFinishTransferMessage_void__ptr__ptr__GPIPeer_s__ptr__char_const__ptr__int	0.3333	1	003FFD40
0043D730	gpiProcessNewProfile_void__ptr__ptr__GPIOperation_s__ptr__char_const__ptr	0.5179	4	003FFF60
0043DBC8	gpiStartProfileSearch_void__ptr__ptr__GPIOperation_s__ptr	1.1223	6	004003F8
0043DEF0	gpiProfileSearch_void__ptr__ptr__char_const__ptr__char_const__ptr__char_const__ptr__char_const__ptr__char_const__ptr__int_int__GPEnum_void__ptr__void__ptr__ptr__void__ptr__void__ptr__void__ptr	0.3333	1	00400708
0043E0F8	gpiProcessSearch_void__ptr__ptr__GPIOperation_s__ptr	10.6912	43	00400910
0043FA50	gpiSendTransferReply_void__ptr__ptr__GPITransferID_s__ptr__GPIPeer_s__ptr__int_char_const__ptr	0.3333	1	00402268
0043FB00	gpiHandleTransferMessage_void__ptr__ptr__GPIPeer_s__ptr__int_char_const__ptr__char_const__ptr__int	0.6667	2	00402318
0043FD30	gpiCheckForError_void__ptr__ptr__char_const__ptr___GPIBool	1.2000	4	00402548
0043FED0	gpiCheckSocketConnect_void__ptr__ptr__int_int__ptr	0.3333	1	004026E8
0043FFB8	gpiReadKeyAndValue_void__ptr__ptr__char_const__ptr__int__ptr__char__ptr__char__ptr	0.3333	1	004027D0
00443A50	netEngineProtocol__CommandToString_int	5.7333	18	00405FF0
00446500	crRagdollType__Init_crSkeletonData_const__ptr__char_const__ptr	0.3333	1	004089E8
004469A8	crRagdollType__Load_void	8.3022	28	00408E90
00447928	sndAudioManager__Start_int_int_bool	2.0714	7	00409E10
00448210	sndBank__LoadBank_char_const__ptr__char_const__ptr__eControlType_bool_bool	1.0000	3	0040A760
004489F0	sndBank__AddStream_char_const__ptr__bool_bool	0.3333	1	0040AF28
00449DE8	sndControl__Begin_void	0.2000	1	0040C318
00449EF8	sndControl__SetSound_char_const__ptr	0.3333	1	0040C428
0044DC20	sndControlVolumeGroup__sndControlVolumeGroup_bool_char_const__ptr__bool	0.3333	1	00410008
0044E098	sndControlVolumeGroup__FileIOInternal_datParser__ref	0.7381	3	00410480
0044ECD0	sndImpactSoundData__FileIO_datParser__ref	2.4333	8	00410F00
0044F6D0	sndSoundFxList__LoadData_datTokenizer__ref	1.0000	3	00411CC0
0044F8B8	sndSoundFxList__Load_char_const__ptr	0.3333	1	00411EA8
0044FB30	sndSoundFxSetup__LoadData_datTokenizer__ref	0.3333	1	00412120
0044FE18	sndSoundFxSingleShot__LoadData_datTokenizer__ref	0.2714	2	00412408
004500F0	sndSoundFxSingleShot3d__LoadData_datTokenizer__ref	0.4000	2	004126E0
00450230	sndSurfaceSoundListEntry__GetDirName_void	0.2000	1	00412820
00450240	sndSurfaceSoundListEntry__FileIO_datParser__ref	0.9167	3	00412830
00450668	fxBirthRule__GetDirName_void	0.0769	1	00412C38
00453C10	ghiPostGetContentType	0.6667	2	004161E0
00454128	ghiPostStringStateDoPosting_GHIPostState__ptr__GHIConnection__ptr	0.5333	2	004166F8
00454708	ghiParseURL_GHIConnection__ptr	0.3333	1	00416CD8
00454AF0	ghiDoSendingRequest	0.3333	1	004170A0
00454F80	ghiParseStatus_GHIConnection__ptr	0.3333	1	00417530
004554F8	ghiDoReceivingHeaders	1.6667	5	00417AA8
004579C0	crAnimation__LoadFX_char_const__ptr	0.3333	1	00419F70
004599E8	LGWheels__GetState_void	0.3333	1	0041BF98
0045A128	LGWheels__PlaySpringForce_int_int_int_int	0.0476	1	0041C698
0045BA90	LogiCondition__DownloadForce_int_int_int__ref__int_int_int_int_int_int_int_int_int	0.3333	1	0041DC18
0045BC20	LogiCondition__UpdateForce_int_int_int_int_int_int_int_int_int_int_int	0.3333	1	0041DDA8
0045BD98	LogiConstant__DownloadForce_int_int_int__ref__int_int_int_int_int_int_int_int	0.3333	1	0041DF20
0045BEF0	LogiConstant__UpdateForce_int_int_int_int_int_int_int_int_int_int	0.3333	1	0041E078
0045C098	LogiForce__Start_int_int	0.3333	1	0041E220
0045C160	LogiForce__Stop_int_int	0.3333	1	0041E2E8
0045C220	LogiForce__Destroy_int_int	0.3333	1	0041E3A8
0045C2E8	LogiForce__SetOverallForceGain_int__ref__int	0.3333	1	0041E470
0045C350	LogiPeriodic__DownloadForce_int_int_int__ref__int_int_int_int_int_int_int_int_int_int_int_int	0.3333	1	0041E4D8
0045C4C0	LogiPeriodic__UpdateForce_int_int_int_int_int_int_int_int_int_int_int_int_int_int	0.3333	1	0041E648
0045C7F0	LogiWheels__ReadPort_int	0.3333	1	0041E970
0045C8B0	LogiWheels__EnumerateDevices_void	0.6667	2	0041EA30
0045CC38	LogiWheels__DestroyDevices_void	0.3333	1	0041ED98
0045D398	LogiWheels__IsMultiturnEnabled_int	0.3333	1	0041F4F8
0045D3F8	LogiWheels__SetMultiturn_int_int	0.3333	1	0041F558
0045D5A8	ioFFWheel__LoadDrivers_void	0.3333	1	0041F6A8
0045DEB8	mcCityLifeSimulator__Load_void	0.3333	1	0041FEA0
0045E9B8	mcCityLifeSimulatorData__LoadModelByName_char_const__ptr	0.9576	4	00420828
00462160	mcCreatureAnimGroupFactory__LoadCreatureAnimGroup_char_const__ptr	0.0909	1	00423F68
00465FC0	mcCreatureManager__LoadRaceStarterData_datAsciiTokenizer__ref__mcCreatureAnimMgr__ref__bool	1.9576	7	00427E30
0046AA68	mcCreatureType__Load_char_const__ptr__bool	0.3333	1	0042C5C8
0046B278	mcCreatureTypeManager__LoadRaceStarterData_char_const__ptr__mcCreatureAnimMgr__ref__bool	0.5333	2	0042CDD8
0046B460	mcCreatureTypeManager__LoadRaceStarterData_datAsciiTokenizer__ref__mcCreatureAnimMgr__ref__bool	0.7333	3	0042CFC0
0046D8F0	phBoundBox__Load_v110_datAsciiTokenizer__ref	0.4435	3	0042F4F8
00475888	phBoundComposite__Load_v110_datAsciiTokenizer__ref	1.3197	7	004371C8
00478B68	phBoundGeometry__LoadGeomStats_v110_datAsciiTokenizer__ref	0.3965	5	0043A4A8
00478CB0	phBoundGeometry__Load_v110_datAsciiTokenizer__ref	0.8667	3	0043A5F0
004796B0	phBoundGeometry__LoadAscii_char_const__ptr__Vector3_const__ptr	0.6180	8	0043AFF0
00479C20	phBoundGeometry__Load_datAsciiTokenizer__ref__int	0.5965	6	0043B560
0047DCD8	phBoundHotdog__Load_v110_datAsciiTokenizer__ref	0.5863	4	0043F618
0047E128	phBound__LoadFromFile_char_const__ptr	2.1548	12	0043FA68
0047E8A8	WriteHeader_110_datAsciiTokenizer__ref__phBound__ptr	0.3333	1	004401E8
00482110	phBoundOTGrid__LoadDef_v110_datAsciiTokenizer__ref	1.6667	5	00443990
00493F70	phBoundQuadtree__Load_v110_datAsciiTokenizer__ref	4.0833	14	00454028
0049A378	phBoundRoad__Load_v110_datAsciiTokenizer__ref	0.6435	4	0045A368
004A1380	phForceSphere__Load_v110_datAsciiTokenizer__ref	1.4000	7	004611D8
004A6EB8	mcTkRegistration__RegisterTaskTypes_void	2.2762	9	00466C18
004A7450	mcTkTournament__OnRaceLoad_void	0.6667	2	00467148
004A7BB0	mcTkTournament__OnRaceUpdate_void	0.8015	6	00467838
004A8520	mcTkTournament__OnRaceDraw_void	0.2540	2	00467CB8
004A8C28	mcTkTournament__ReadSaveData_mcSerializer__ref	0.4000	2	004681E8
004A9A90	mcTkTournament__ParseConfigData_datAsciiTokenizer__ref	1.9524	7	00468CF0
004A9E08	mcTkTournament__ParseOpponentData_datAsciiTokenizer__ref	0.8095	3	00468ED0
004AA038	mcTkTournament__UpdateRaceResultsMenu_void	1.3576	6	00469100
004AA380	mcTkTournament__UpdateTournamentResultsMenu_void	1.3576	6	00469398
004AAA30	mcTkTournament__MapServerEventCallback_hudMapServer__Element_const__ref__hudMapServer__EventType_void__ptr	0.2000	1	00469890
004AB738	mcTkCareerStart__ReadSaveData_mcSerializer__ref	0.2000	1	0046A2C0
004AB878	mcTkCareerStart__ParseConfigData_datAsciiTokenizer__ref	0.5357	3	0046A400
004AC0A8	mcTkMovie__ParseConfigData_datAsciiTokenizer__ref	0.4762	2	0046A950
004AC9F0	mcTkMovieRaceSequence__ParseConfigData_datAsciiTokenizer__ref	0.2857	2	0046B008
004AD190	mcTkMovieRaceSequence__ReadSaveData_mcSerializer__ref	0.3111	2	0046B5E0
004AD3B8	mcTkRacerDefinition__ParseConfigData_datAsciiTokenizer__ref	0.7873	4	0046B808
004AD770	mcCarConfig__LicensePlate__LicensePlate_void	0.1667	1	0046BBC0
004ADC88	mcCarConfig__mcCarConfig_void	0.0833	1	0046C020
004AFB18	mcCarConfig__AddStaticDataToPartDatabase_void	7.1885	24	0046DB20
004AFFA0	mcCarConfig__GetDirName_void	0.3333	1	0046DFA8
004AFFB0	mcCarConfig__FileIO_datParser__ref	48.5333	146	0046DFB8
004B1480	mc__AllocateCarData_void	0.5670	4	0046F488
004B2318	mc__CarDescription__Load_datAsciiTokenizer__ref__atMap_atString_mc__eCarClass_const__ref__atMap_atString_mc__eCarGroup_const__ref	2.3929	8	00470100
004B2858	mc__CarDescription__PerformanceEstimate__Load_datAsciiTokenizer__ref	0.6000	3	004705C8
004B2938	mc__CarManufacturerDescription__Load_datAsciiTokenizer__ref	0.3333	1	004706A8
004B4968	mcCarPartDb__LoadDecalStrings_void	3.3929	11	00472680
004B7600	mc__AllocateCityData_void	0.8333	3	004761A8
004B77B0	mc__LoadCityData_char_const__ptr__bool	0.8095	3	00476358
004B7A40	mc__mcCityData__mcCityData_void	0.3333	1	00476678
004B7C38	mc__mcCityData__LoadRaceData_datAsciiTokenizer__ref__datAsciiTokenizer__ref	1.2667	5	00476870
004B8198	mc__mcCityData__LoadRaceDataFromLocInfFile_datAsciiTokenizer__ref__mc__mcRaceData__ref__char_const__ptr	1.7111	7	00476D20
004B8570	mc__mcCityData__LoadRaceLinkageData_datAsciiTokenizer__ref	0.3333	1	00476F80
004B8DB0	mc__mcCityData__LoadMovieData_datAsciiTokenizer__ref	0.3333	1	004777C0
004B8E00	mc__mcCityData__LoadCareerOrderData_datAsciiTokenizer__ref	0.1111	1	00477810
004B8EE8	mc__mcCityData__ReadRaceDescriptionShortcut_datAsciiTokenizer__ref__int	2.2500	7	004778F8
004BA070	mcControlConfigMap__FileIO_datParser__ref__const	0.3333	1	00478340
004BA3C8	mcControlConfigMap__Load_char_const__ptr__bool	0.8667	3	00478698
004BA9A8	mcControlConfigData__Load_datAsciiTokenizer__ref__bool	0.5333	2	00478C70
004BAD88	mcControlConfigMgr__GetMapListFilename_void	0.3333	1	00479068
004BADE8	mcGlobalGameOptions__SetToDefaults_void	0.3333	1	004794F8
004BB0A0	mcGlobalGameOptions__Load_void	4.0000	12	00479838
004BB470	mc__mcHookmanData__Load_datAsciiTokenizer__ref__mc__eCity	0.9778	4	00479E68
004BC7E0	mcLocalPlayerOptions__SaveData__SetToDefaults_void	3.3333	10	0047ADB8
004BD610	mcHeap__LoadUSBModule_void	0.5000	2	0047BC18
004BD650	mcHeap__CreateMemTopHeap_unsigned_int	0.3333	1	0047BC58
004BE1C8	mcRaceConfig__LoadInfo_datAsciiTokenizer__ref	1.3000	6	0047C6C8
004BEDF8	mcStatId__GetCodeName_char__ptr__int_const	0.3333	1	0047D530
004BF5F0	mcPgCareer__mcPgCareer_void	0.6667	2	0047DC58
004BF7A8	mcPgCareer__GetDirName_void	0.0323	1	0047DE48
004C1418	mcPgConditions__ReadSaveData_mcSerializer__ref	0.9111	5	0047F178
004C17F8	mcPgConditions__FileIO_datParser__ref	1.3333	4	0047F540
004C1990	mcPgDynamicDifficulty__mcPgDynamicDifficulty_mcPgKnowledgeBase__ref	0.3333	1	0047F6D8
004C2608	mcPgDynamicDifficulty__FileIO_datParser__ref	2.6667	8	0047FE08
004C29A8	mcPgFillerRaces__ReadSaveData_mcSerializer__ref	0.4000	2	00480010
004C3698	mcPgFillerRaces__FileIO_datParser__ref	1.3333	4	00480AA8
004C4D70	mcPgFlow__LoadProgressCityData_void	0.1156	2	00481FC8
004C4E88	mcPgFlow__LoadRaceAvailabilityData_mc__eCity_datAsciiTokenizer__ref	0.3333	1	004820E0
004C53D8	mcPgFlow__FileIO_datParser__ref	2.8667	9	00482298
004C5768	mcPgHookmanSelect__mcPgHookmanSelect_mcPgKnowledgeBase__ref	0.3333	1	00482598
004C6A58	mcPgKnowledgeBase__ReadSaveData_mcSerializer__ref	3.7111	19	004836D8
004C96B0	mcPgKnowledgeBase__FileIO_datParser__ref	0.3333	1	00485B68
004C99A8	mcPgKBRace__ReadSaveData_mcSerializer__ref	1.3651	8	00485D68
004CA0E0	mcPgKBOpenRace__ReadSaveData_mcSerializer__ref	1.9968	11	00486468
004CA678	mcPgKBPutAsideRace__ReadSaveData_mcSerializer__ref	0.6000	3	004869D0
004CA7F8	mcPgKBHistoricRace__ReadSaveData_mcSerializer__ref	0.2000	1	00486B50
004CA9E8	mcPgRaceSelect__mcPgRaceSelect_mcPgKnowledgeBase__ref	0.3333	1	00486D40
004CC7B8	mcPgRaceSelect__FileIO_datParser__ref	0.3333	1	00488410
004CEE18	mcPgRewards__UpdateRewardsTitle_int	1.2870	5	00489818
004CF340	mcPgRewards__LoadRewardsData_void	0.4323	3	00489CF0
004CF400	mcPgRewards__LoadMoneyRewardsData_datAsciiTokenizer__ref	0.3333	1	00489DB0
004CF6E8	mcPgRewards__LoadRoundingData_datAsciiTokenizer__ref	0.3333	1	0048A098
004CF850	mcPgRewards__LoadIndividualRewardsData_datAsciiTokenizer__ref	2.1429	7	0048A200
004CFC00	mcPgRewards__FileIO_datParser__ref	2.0000	6	0048A558
004D0200	mcPgRubberBanding__LoadData_void	0.5656	3	0048AA48
004D02A8	mcPgRubberBanding__LoadRBRecordsData_datAsciiTokenizer__ref	2.3556	10	0048AAF0
004D0BF8	mcPgSideQuests__ReadSaveData_mcSerializer__ref	1.0000	5	0048B210
004D1420	mcPgSideQuests__FileIO_datParser__ref	1.3333	4	0048B900
004D1768	mcPgTaskBase__ReadSaveData_mcSerializer__ref	0.2000	1	0048BC48
004D17C8	mcPgTaskBase__LoadConfigData_void	0.6667	2	0048BCA8
004D2530	mcPgTaskMgr__ReadSaveData_mcSerializer__ref	0.8000	4	0048C978
004D2A70	mcPgTaskMgr__LoadTaskData_void	0.4489	3	0048CD98
004D2B18	mcPgTaskMgr__LoadTaskDefinitions_datAsciiTokenizer__ref	0.3333	1	0048CE40
004D3FD0	mcPgUnlockingRulesEval__LoadRules_void	0.3333	1	0048E160
004D57B0	mcPgVehicleSetup__mcPgVehicleSetup_mcPgKnowledgeBase__ref	0.3333	1	0048F458
004D6FD0	mcPgVehicleSetup__FileIO_datParser__ref	0.2000	1	00490120
004D7A30	mcPgKBHookman__ReadSaveData_mcSerializer__ref	0.1111	1	00490B80
004D7BA8	mcPgKBOpenHookman__ReadSaveData_mcSerializer__ref	0.2000	1	00490CF8
004D7C38	mcPgVehicleSelect__mcPgVehicleSelect_mcPgKnowledgeBase__ref	0.3333	1	00490D88
004D8B28	phArchetype__LoadData_datAsciiTokenizer__ref__phBound__ptr	1.5000	5	00491C50
004D9028	phArchetypePhys__LoadData_datAsciiTokenizer__ref__phBound__ptr	2.0000	6	00492150
004D95C0	phArchetypeDamp__LoadData_datAsciiTokenizer__ref__phBound__ptr	2.3333	7	004926D8
004DA188	phArchetypeMgr__RegisterNewArchetype_phArchetype__ptr__char_const__ptr	0.3333	1	00493208
004FA398	pssOpenFile_char_const__ptr	0.1111	1	00372188
004FB0D8	zipFile__Open_char_const__ptr	0.3333	1	004B3FA8
004FB5F8	inflate	1.6667	5	004B44D0
004FBEC0	inflate_blocks_inflate_blocks_state__ptr__z_stream_s__ptr__int	1.3333	4	004B4D98
004FCB38	inflate_codes_inflate_blocks_state__ptr__z_stream_s__ptr__int	0.4000	2	004B5A10
004FDD40	inflate_trees_bits_unsigned_int__ptr__unsigned_int__ptr__inflate_huft_s__ptr__ptr__inflate_huft_s__ptr__z_stream_s__ptr	0.6667	2	004B6C18
004FDE40	inflate_trees_dynamic_unsigned_int_unsigned_int_unsigned_int__ptr__unsigned_int__ptr__unsigned_int__ptr__inflate_huft_s__ptr__ptr__inflate_huft_s__ptr__ptr__inflate_huft_s__ptr__z_stream_s__ptr	1.6667	5	004B6D18
005032F8	aiRailNetwork__LoadRailNetworkOverrides_char_const__ptr	1.1429	4	004BC6D8
00503798	aiRailNetwork__LoadRailNetwork_char_const__ptr	0.2500	1	004BCB78
0050F788	mcPlayerInputTune__FileIO_datParser__ref	1.4500	5	004C5CA8
0050FCA0	mcPlayerSpecialAbilityTune__FileIO_datParser__ref	10.6000	33	004C60B8
005102D0	mcPlayerSpecialAbilityParameter__Init_mcPlayer__ptr	1.0000	3	004C6630
00511260	mcPlayer__mcPlayer_int_char_const__ptr__int_bool_bool	0.3656	2	004C72F8
00514670	mcPlayerCamera__InitCameras_char_const__ptr	2.8667	9	004CA150
00518940	mcCameraEffect__mcCameraEffect_void	0.3333	1	004CDAB8
0051B180	mcPovCS__FileIO_datParser__ref	1.0000	3	004CFDF8
0051B298	mcRacerManager__Init_void	0.3333	1	004CFF10
0051BA90	mcReplayCamera__Init_int_mcCar__ptr__camViewCS__ptr__vehPovCS__ptr	0.5333	2	004D06E8
0051C4D8	mcTimeWarperTune__FileIO_datParser__ref	1.3333	4	004D11C8
0051CA48	mcTrackCS__FileIO_datParser__ref	9.3365	45	004D1680
00520A28	mcCinematicType__FileIO_datParser__ptr	2.5385	12	004D5260
005216B0	mcCinematicCS__FileIO_datParser__ref	1.9278	8	004D5D60
00526538	gfxLoadImageAll_char_const__ptr__bool_bool	0.3333	1	004DD4B0
00528C60	Trap_int	0.3333	1	004DFD18
0052D7C0	ageEndDraw_void	0.6667	2	004E4DB0
00531DE0	printversions	0.3333	1	004E9410
00531E38	lgDevInit	0.3333	1	004E9468
005321C8	lgDevEnumHint	0.3333	1	004E97F8
00532220	lgDevEnumerate	0.3333	1	004E9850
00532308	lgDevOpen	0.3333	1	004E9938
005323C8	lgDevClose	0.3333	1	004E99F8
00532450	lgDevGetDeviceProperty	0.3333	1	004E9A80
00532520	lgDevSetDeviceProperty	0.3333	1	004E9B50
005325D0	lgDevDownloadForceEffect	0.3333	1	004E9C00
00532738	lgDevDestroyForceEffect	0.3333	1	004E9D68
00532890	lgDevARead	0.3333	1	004E9EC0
00532960	lgDevAUpdateForceEffect	0.3333	1	004E9F90
00532AB0	lgDevAStartForceEffect	0.3333	1	004EA0E0
00532B48	lgDevAStopForceEffect	0.3333	1	004EA178
00533590	sn_delay	0.3333	1	004EA218
005336E8	snsocket_LogError	0.3333	1	004EA318
005337C0	snsocket_AlarmCallback	0.3333	1	004EA3F0
00533800	snsocket_BindWithTimeout	0.6667	2	004EA430
00533918	snsocket_store_socket_error	0.3333	1	004EA548
00533968	snsocket_read_socket_error	0.3333	1	004EA598
00533D88	local_sockAPIderegthr	0.3333	1	004EA9B8
00534A70	select	0.3333	1	004EB6A0
00535688	sockAPIregthr	0.3333	1	004EC178
00535810	socket	0.3333	1	004EC2E8
00537BF0	GetRomName	0.2000	1	004ECC98
005387F8	_PES_packet	0.3333	1	004ED468
00538E58	sceMpegCreate	0.3333	1	004EDAC8
005392E0	_alalcAlloc	0.3333	1	004EDF50
00539350	_getpic	0.3333	1	004EDFC0
00539860	_lastFrame	0.3333	1	004EE4D0
00539A08	_ErrMessage	0.3333	1	004EE678
00539AC8	_sequenceHeader	0.3333	1	004EE738
0053A058	_sequenceExtension	0.6667	2	004EECC8
0053A2B0	_motionComp0	0.3333	1	004EEF20
0053A500	_getAllRefs	1.0000	3	004EF170
0053B028	_doMC	0.3333	1	004EFC98
0053C020	_waitBdecOut	0.3333	1	004F0C90
0053C460	_mbAddressIncrement	0.3333	1	004F10D0
0053C570	_pictureData0	0.3333	1	004F11E0
0053C688	_sliceA0	0.6667	2	004F12F8
0053C7B8	_slice0	0.3333	1	004F1428
0053C9B8	_skipMB0	0.3333	1	004F1628
0053CA78	_decMB0	0.3333	1	004F16E8
0053E310	_quantMatrixExtension	0.6667	2	004F2F80
0053E560	_decPicture	0.6667	2	004F31D0
0053E978	_isOutSizeOK	0.3333	1	004F35E8
0053F578	_doCSC2	0.3333	1	004F41E8
005402E8	sceUsbKbInit	0.3333	1	004F4F58
005404E0	sceUsbKbGetInfo	0.3333	1	004F5150
00540588	sceUsbKbRead	0.3333	1	004F51F8
00541178	sceUsbKbCnvRawCode	0.3333	1	004F5DA0
00541760	_sceCd_ncmd_prechk	0.3333	1	004F6388
00541968	sceCdSync	0.3333	1	004F6590
00541A08	sceCdSyncS	0.3333	1	004F6630
00541A78	_sceCd_scmd_prechk	0.3333	1	004F66A0
00541BE8	sceCdInit	0.3333	1	004F6810
005422C8	sceCdRead	0.3333	1	004F6AF8
00542870	sceCdReadClock	0.3333	1	0057B588
00542968	sceMcInit	0.3333	1	004F6FC8
00543918	_send_to_iop	0.3333	1	004F8140
00543A30	scePadInit	0.3333	1	004F8258
00543C90	scePadPortOpen	0.3333	1	004F8438
00544920	sceSdRemoteInit	0.3333	1	004F90C8
00545038	sceGsSetDefDispEnv	0.3333	1	004F97E0
005456E0	sceGsExecStoreImage	0.3333	1	004F9E88
005473B8	topThread	0.3333	1	004FBB48
00547608	DelayThread	0.3333	1	004FBD98
00547768	sceTtyHandler	0.3333	1	004FBEF8
0054C050	sceSifRebootIop	0.6667	2	00500760
0054DD28	InitTLB32MB	1.3333	4	005022A8
00552DF0	mcPowerUpSourceFactory__LoadPowerUp_mcPowerUpSource__ref__datAsciiTokenizer__ref__bool	0.3333	1	00507300
00552EA0	mcPowerUpSourceFactory__LoadAttributes_mcPowerUpSource__ref__datAsciiTokenizer__ref	2.2500	8	005073B0
005530A8	mcPowerUpSourceFactory__LoadPowerUpTypes_mcPowerUpSource__ref__datAsciiTokenizer__ref	0.3333	1	005075B8
00553388	mcPowerupTuneData__FileIO_datParser__ref	5.8000	19	00507890
00553618	mcPowerup__InitStaticData_void	3.0000	9	00507B20
00555758	mshMesh__LoadMod_datBaseTokenizer__ref__bool_int	4.4537	29	00509970
00559B70	mshMaterial__Serialize_mshSerializer__ref	0.2000	1	0050DD88
0055B230	mshMesh__Serialize_mshSerializer__ref	1.2909	5	0050F448
0055C0F8	Serialize_mshSerializer__ref__ConstString__ref	0.3333	1	00510310
0055F4F0	parFileIO__GetTypeName_void	0.3333	1	00513708
0055F980	datParser__Load_Stream__ptr__char_const__ptr	0.4000	2	00513B98
00561540	mcCityEnvMap__Initialize_void	1.7576	6	00515AB8
00562450	mcCityEnvMap__LoadCondition_void	0.3333	1	005169C8
00564790	mcPlaneSplash__FileIO_datParser__ref	3.8667	12	00518C48
00564960	mcRain__mcRain_void	1.1111	4	00518E60
00566700	mcRain__FileIO_datParser__ref	7.2500	22	0051B150
00566A70	mcShadow__InitStaticData_void	0.9381	4	0051B4C0
005688E0	fxSnowStorm__Update_void	0.2000	1	0051D278
00568BF0	fxSnowStorm__Draw_void	0.2000	1	0051D588
00569AB8	fxSnowStorm__DetectFile_char_const__ptr	0.2000	1	0051E418
00569B50	fxSnowStorm__Load_char_const__ptr	8.2000	25	0051E4B0
0056A2E8	turboSmoke__InitStaticData_void	0.7778	3	0051EDA0
0056A440	screamSystem__Start_int_int_int_bool__AgeSndCaps__ref	1.8667	6	0051EEF8
0056B928	piSBStartListingGames	0.3333	1	00523B20
0056BB60	piSBGroupsListCallback__SBServerList__ptr__SBListCallbackReason__SBServer__ptr__void__ptr	1.4361	6	00523DD8
0056C360	piAddListingGamesCallback	0.7179	4	005253B0
0056F1A0	vehEngineSoundData__FileIO_datParser__ref	2.6583	9	0052A408
0056F6F0	vehFireSoundData__FileIO_datParser__ref	1.4333	5	0052A958
0056FA00	vehHornSoundData__FileIO_datParser__ref	0.1964	2	0052AC68
0056FBD8	vehSndData__FileIO_datParser__ref	0.3333	1	0052AE20
00570D70	vehWheelSoundData__FileIO_datParser__ref	7.2000	22	0052BCD8
005713D0	vehWindNoiseSoundData__FileIO_datParser__ref	0.7123	4	0052C2C8
00571580	GSIStartAvailableCheckA	0.3333	1	0052C478
00574828	mcFeMemCard__CreateWidgets_void	1.3333	4	0052F9B8
00575860	mcFeMemCard__ShowAccessWarning_mcFeMemCard__AccessType	1.1429	4	00530778
00575F88	mcFeMemCard__UpdateSavegameSelectList_void	3.4444	11	00530E08
00576D90	mcFeMemCard__SetSavegameListTo_char_const__ptr	0.1000	1	00531590
00577D20	mcFeMemCard__HandleMemcardError_mcFeMemCard__Operation_int	4.5599	20	005324B0
00578538	mcFeMemCard__FileIO_datParser__ref	0.6667	2	00532C48
00580EF0	mcUiGroup__CreateWidgets_void	0.3656	2	0053BAD8
00582030	mcUiHeading__FileIO_datParser__ref	5.0000	15	0053CB18
00582468	mcUiKeyboard__mcUiKeyboard_char_const__ptr__int	0.3333	1	0053CF50
005829C0	mcUiKeyboard__InitializeKeyboard_int_int_int_char_const__ptr__int	2.0000	6	0053D418
00585290	mcUiKeyboard__DoRendering_void	0.3546	2	0053FB10
0058ADA0	mcUiListMenu__FileIO_datParser__ref	5.0000	15	005443C8
0058B268	mcUiListMenu__columnData__FileIO_char_const__ptr__datParser__ref	1.2000	4	00544790
0058BEA0	mcSndControl3dMultiple__LoadDataNoPosition_datTokenizer__ref	2.0714	7	00544E48
0058C1E8	mcSoundFxArea__Add_char__ptr	0.2000	1	00545190
0058C618	mcSoundFxArea__LoadData_datTokenizer__ref	1.0000	3	005455B8
0058CAA8	crBoneData__Load_v100_datTokenizer__ref__crBoneData__ptr__ptr__int__ref	0.7778	3	00545D70
0058CDD0	ReadDOF_datTokenizer__ref__unsigned_short__ref__unsigned_short_unsigned_short_float__ref__float__ref__float__ref	0.3333	1	00546098
0058CF68	crBoneData__Load_v101_datTokenizer__ref__crBoneData__ptr__ptr__int__ref	1.5111	8	00546230
0058D490	crBoneData__Load_v104_datTokenizer__ref__crBoneData__ptr__ptr__int__ref	2.1778	10	00546758
0058DC18	crSkeletonData__Load_Stream__ptr__char_const__ptr	0.3860	2	00546EE0
0058DEC8	crSkeletonData__FindBone_char_const__ptr__int_char_const	1.2000	4	00547190
0058F178	Curve__Load_datAsciiTokenizer__ref__int	0.3333	1	00548418
0058F4F0	Curve__Save_datAsciiTokenizer__ref__int	1.0000	3	00548790
0058F638	Curve__SaveCurve_datAsciiTokenizer__ref__int	0.3333	1	005488D8
005908C0	psxScratchpad__Allocate_unsigned_int	0.3333	1	00549B60
005916D0	vehPovCS__FileIO_datParser__ref	1.5016	7	0054A928
00594B40	vehTrackCS__FileIO_datParser__ref	4.9746	27	0054CDF8
00595068	QEStartQuery__SBQueryEngine__ptr___SBServer__ptr	0.5333	2	0054D2A0
00595A50	mcLightData__GetDirName_void	0.3333	1	0054DC78
00595B18	mcLightData__FileIO_datParser__ref	5.6762	18	0054DD40
00595DE8	mcCityShaderFactory__Create_char_const__ptr__int_char_const__ptr__ptr	5.7004	21	0054E008
00596278	mcCityTextureFactory__Create_char_const__ptr	0.3656	2	0054E368
00597720	mcShaderTexAnimation__Load_char_const__ptr__char_const__ptr_const__ptr__int_rmcShaderGroup__ref	0.3333	1	0054EB48
00598220	CurveMgr__Load_char_const__ptr__char_const__ptr__char_const__ptr	0.3667	2	0054F610
005983B8	CurveMgr__Load_datAsciiTokenizer__ref	0.3053	3	0054F7A8
00598740	CurveMgr__Save_datAsciiTokenizer__ref	0.6667	2	0054FB30
0059C558	vehDriver__Init_vehSim__ptr__vehDriverTune_const__ptr__Matrix34_const__ptr	0.3656	2	005538A8
0059D7C0	vehGyroTune__FileIO_datParser__ref	0.7790	5	00554B10
0059F848	vehStuckTune__FileIO_datParser__ref	1.4000	5	00556B90
005A0028	txtMovieSubtitles__SetFont_char_const__ptr	0.2000	1	00557278
005A0070	txtMovieSubtitles__SetupSubtitles_char_const__ptr	0.5333	2	005572B0
005A0668	txtMovieSubtitles__GetDirName_void	0.2000	1	00557820
005A0678	txtMovieSubtitles__FileIO_datParser__ref	0.7500	3	00557830
005A24A0	camAppCS__FileIO_datParser__ref	2.8190	14	00559618
005A3058	camPolarCS__FileIO_datParser__ref	2.3333	7	0055A1D0
005A37E0	mcTrigger__LoadTriggeredByData_datAsciiTokenizer__ref	1.3333	4	0055BB20
005A3908	mcTrigger__LoadTriggerLapData_datAsciiTokenizer__ref	0.3333	1	0055BC18
005A3AF8	mcTrigger__LoadRandomness_datAsciiTokenizer__ref	1.0000	3	0055BE08
005A4790	mcTriggerArrayFactory__LoadTrigger_datAsciiTokenizer__ref__int_atArray_mcTrigger__ptr__8_unsigned_short_65535__ref	0.8667	3	0055C9F8
005A4E28	mcTriggerArrayFactory__LoadTriggerEvents_datAsciiTokenizer__ref__atArray_mcTriggerEvent__ptr__8_unsigned_short_65535__ref	0.5333	2	0055D050
005B8A48	mcLoadScreenTransition__GetDirName_void	0.1111	1	0057B8C0
005B8A58	mcLoadScreenTransition__GetTypeName_void	0.3333	1	0057B8D0
005B90C8	mcLayerRaceEditor__GetName_void_const	0.3333	1	0057BF30
005B92C8	mcCarConfig__GetTypeName_void	0.3333	1	0057BFF8
005B9330	mcLayerAmbients__GetName_void_const	0.3333	1	0057C068
005B9340	mcLayerConditions__GetName_void_const	0.1667	1	0057C078
005B9350	mcLayerGarage__GetName_void_const	0.1111	1	0057C088
005B9360	mcLayerMC3Frontend__GetName_void_const	0.3333	1	0057C098
005B9370	mcFbGlowTuneParams__GetDirName_void	0.3333	1	0057C0A8
005B9390	mcFbGlowTuneParams__GetTypeName_void	0.3333	1	0057C0B8
005B9490	mcSpotlightTuneParams__GetTypeName_void	0.3333	1	0057C1B8
005B96E0	virtual_function_thunk_delta_36_for_mcSenseOfSpeed__GetTypeName_void	0.3333	1	0057C408
005B98A8	virtual_function_thunk_delta_36_for_mcColorFilter__GetTypeName_void	0.3333	1	0057C5D0
005BAD70	aiAmbientWindowDamage__GetTypeName_void	0.3333	1	0057DE20
005BB990	lightGlowCondition__GetTypeName_void	0.3333	1	0057E528
005BB9C8	mcGlow__GetTypeName_void	0.3333	1	0057E560
005BBC18	mcStarField__GetTypeName_void	0.3333	1	0057E7B8
005BBDC8	CareerMapRaceInfo__GetTypeName_void	0.3333	1	0057F7B8
005BBDF8	hudChat__SharedData__GetTypeName_void	0.3333	1	0057E980
005BBE08	hudChat__GetTypeName_void	0.3333	1	0057E990
005BBE18	hudChatBox__SharedData__GetTypeName_void	0.3333	1	0057E9A0
005BBE70	mcHudClock__SharedData__GetTypeName_void	0.3333	1	0057E9F8
005BBE80	mcHudClock__SharedDataNumberOfViewports__GetTypeName_void	0.3333	1	0057EA08
005BBE90	mcHudClock__GetTypeName_void	0.3333	1	0057EA18
005BBEF0	hudDamage__SharedData__GetTypeName_void	0.1429	1	0057EA78
005BBF00	hudDamage__SharedDataNumberOfViewports__GetTypeName_void	0.2000	1	0057EA88
005BBF10	hudDamage__GetTypeName_void	0.2000	1	0057EA98
005BC0B8	hudDropCounter__SharedData__GetTypeName_void	0.3333	1	0057EAE8
005BC0C8	hudDropCounter__SharedDataNumberOfViewports__GetTypeName_void	0.3333	1	0057EAF8
005BC0D8	hudDropCounter__GetTypeName_void	0.3333	1	0057EB08
005BC120	hudFlag__SharedData__GetTypeName_void	0.3333	1	0057EB50
005BC130	hudFlag__GetTypeName_void	0.3333	1	0057EB60
005BC180	hudGear__SharedData__GetTypeName_void	0.3333	1	0057EBB0
005BC190	hudGear__SharedDataNumberOfViewports__GetTypeName_void	0.3333	1	0057EBC0
005BC1A0	hudGear__GetTypeName_void	0.3333	1	0057EBD0
005BC230	hudLapCounter__SharedData__GetTypeName_void	0.3333	1	0057EC20
005BC240	hudLapCounter__SharedDataNumberOfViewports__GetTypeName_void	0.3333	1	0057EC30
005BC250	hudLapCounter__GetTypeName_void	0.3333	1	0057EC40
005BC280	hudMap__SharedDataAllTypes__GetTypeName_void	0.3333	1	0057EC70
005BC298	hudMap__GetTypeName_void	0.3333	1	0057EC80
005BC310	hudMapLocal__SharedDataLocalMap__GetTypeName_void	0.3333	1	0057ECE8
005BC338	hudMapLocal__GetTypeName_void	0.3333	1	0057ED00
005BC3B0	hudMapGlobal__SharedDataGlobalMap__GetTypeName_void	0.3333	1	0057ED78
005BC3C8	hudMapGlobal__GetTypeName_void	0.3333	1	0057ED88
005BC448	hudMapGlobalCareer__GetTypeName_void	0.3333	1	0057EE08
005BCB00	hudNitro__SharedData__GetTypeName_void	0.3333	1	0057F2E0
005BCB10	hudNitro__SharedDataNumberOfViewports__GetTypeName_void	0.3333	1	0057F2F0
005BCB20	hudNitro__GetTypeName_void	0.3333	1	0057F300
005BCB60	hudPowerup__SharedData__GetTypeName_void	0.3333	1	0057F330
005BCB70	hudPowerup__GetTypeName_void	0.3333	1	0057F340
005BCBC0	hudSSTurbo__SharedData__GetTypeName_void	0.3333	1	0057F390
005BCBD0	hudSSTurbo__SharedDataNumberOfViewports__GetTypeName_void	0.3333	1	0057F3A0
005BCBE0	hudSSTurbo__GetTypeName_void	0.3333	1	0057F3B0
005BCC30	mcHudTimer__SharedData__GetTypeName_void	0.3333	1	0057F400
005BCC40	mcHudTimer__SharedDataNumberOfViewports__GetTypeName_void	0.3333	1	0057F410
005BCC50	mcHudTimer__GetTypeName_void	0.3333	1	0057F420
005BCCA0	hudRankDisplay__SharedData__GetTypeName_void	0.3333	1	0057F470
005BCCB0	hudRankDisplay__SharedDataNumberOfViewports__GetTypeName_void	0.3333	1	0057F480
005BCCC0	hudRankDisplay__GetTypeName_void	0.3333	1	0057F490
005BCD10	hudRearViewMirror__SharedData__GetTypeName_void	0.3333	1	0057F4E0
005BCD20	hudRearViewMirror__SharedDataNumberOfViewports__GetTypeName_void	0.3333	1	0057F4F0
005BCD30	hudRearViewMirror__GetTypeName_void	0.3333	1	0057F500
005BCD98	hudSpeedometer__SharedDataNumberOfViewports__GetTypeName_void	0.3333	1	0057F568
005BCDA8	hudSpeedometer__GetTypeName_void	0.3333	1	0057F578
005BCDD8	hudSplashBase__GetTypeName_void	0.3333	1	0057F5A8
005BCE08	hudSplashImage__GetTypeName_void	0.3333	1	0057F5D8
005BCE40	hudSplashText__GetTypeName_void	0.3333	1	0057F610
005BCE50	hudSplashTranslatedText__GetTypeName_void	0.3333	1	0057F620
005BCE60	hudSplashDynamicText__GetTypeName_void	0.3333	1	0057F630
005BCFA8	hudZoneMeter__SharedData__GetTypeName_void	0.3333	1	0057F778
005BCFB8	hudZoneMeter__SharedDataNumberOfViewports__GetTypeName_void	0.3333	1	0057F788
005BCFC8	hudZoneMeter__GetTypeName_void	0.3333	1	0057F798
005BCFD8	hudArrow__GetTypeName_void	0.3333	1	0057F7A8
005BE228	mcCarDamageTune__GetTypeName_void	0.3333	1	00580A70
005BE338	mcCarTuneZone__GetTypeName_void	0.3333	1	00580B58
005BE3A8	mcRiderShaderTune__GetDirName_void	0.2000	1	00580BC8
005BE3B8	mcRiderShaderTune__GetTypeName_void	0.3333	1	00580BD8
005BE410	opponentTuneStaticData__GetTypeName_void	0.3333	1	00580C28
005BE788	mcCarModelTune__GetTypeName_void	0.3333	1	00580EC8
005BE7A8	carWindowDamage__GetTypeName_void	0.3333	1	00580EE8
005BE918	mcCarModsTune__GetTypeName_void	0.3333	1	00581058
005BE998	mcCarModelLightGlowSet__GetTypeName_void	0.3333	1	005810E8
005BEF48	camViewCS__GetTypeName_void	0.3333	1	005A9228
005BEFA8	garageSharedData__GetTypeName_void	0.3333	1	005816A8
005BEFD8	CamPositions__GetTypeName_void	0.3333	1	005816D8
005C6C10	mcPowerUpMgr__GetDirName_void	0.2000	1	00588C38
005C7E58	aiStateAvoidSST__GetName_void_const	0.2000	1	00589DD8
005C7EB8	aiStateBlock__GetName_void_const	0.3333	1	00589E18
005C7EC8	aiStateChase__GetName_void_const	0.3333	1	00589E28
005C7F88	aiStatePatrol__GetName_void_const	0.3333	1	00589EA8
005C7FF0	aiStatePatrolRoute__GetName_void_const	0.3333	1	00589EF0
005C8060	aiStateShortcutDrive__GetName_void_const	0.3333	1	00589F60
005CD068	sndControlVolumeGroup__GetDirName_void	0.3333	1	0058EED0
005CD0F8	fxBirthRule__GetTypeName_void	0.3333	1	0058EF58
005CDEA0	phPolytree_phOctreeCell___ReadCells_datAsciiTokenizer__ref__phBoundGeometry_const__ptr__int_Vector3_const__ref__Vector3_const__ref	0.2000	1	0058FCF8
005D3AE8	mcPgCareer__GetTypeName_void	0.0833	1	005949D8
005D4578	mcPgFillerRaces__GetTypeName_void	0.3333	1	00595788
005D8FF8	mcPgRaceDDPMediator__GetTypeName_void	0.3333	1	0059A088
005D9068	mcPgRaceSetup__GetTypeName_void	0.3333	1	0059A0F8
005DC148	mcPgRewards__GetTypeName_void	0.2000	1	0059D1D8
005DE228	mcPgRubberBanding__GetTypeName_void	0.3333	1	0059E800
005DE350	mcPgSideQuests__GetTypeName_void	0.3333	1	0059E928
005E5BB8	mcPlayerSpecialAbilityTune__GetTypeName_void	0.3333	1	005A5D70
005E5BF8	mcCameraEffect__GetTypeName_void	0.3333	1	005A5DB0
005E5C88	mcTimeWarperTune__GetTypeName_void	0.3333	1	005A5E38
005E5E28	mcPowerupTuneData__GetTypeName_void	0.3333	1	005A6018
005E7E58	mcCarSimTune__GetTypeName_void	0.2500	1	00580B20
005E7E80	mcRain__GetTypeName_void	0.3333	1	005A8058
005E8B88	vehPovCS__GetTypeName_void	0.3333	1	005A8D58
005E8E30	vehDriverTune__GetTypeName_void	0.3333	1	005A8FC0
005E8E70	vehGyroTune__GetTypeName_void	0.3333	1	005A9000
005E8EB0	vehInputTune__GetTypeName_void	0.3333	1	005A9038
005E8EE8	vehStuckTune__GetTypeName_void	0.3333	1	005A9070
005E9048	camPointCS__GetTypeName_void	0.3333	1	005A91D8
005E9080	camPolarCS__GetTypeName_void	0.3333	1	005A9210
